"100346894517157889","wor rbs australia rates stock hold trading sell closed asxbusiness","0","0"
"100448564412555264","rbs plans 2000 job cuts investment banking royal bank scotland rbs planning slash 200","0","0"
"100467414986260480","rbs anticipate daily run rate bond buying avg around 2 5bn equivalent annualised rate 600bn maintained time","0","4"
"100476397818089472","rbs insurance turnaround boosts sell","0","0"
"100539123651194882","thought uk last bastion truly liquid triple sovereign credit according rbs uk state owned bank","0","2"
"100577660895375360","become rule not draft lions rbs","0","0"
"100596073919287296","rt leshore injury hurts lions ok rbs ricky kev smith j harrison portis tiki go ricky","0","0"
"100620618994679808","ricky williams ray rice backup ravens 2010 fins tandem rbs fantasyfootball best handcuffs nfl sports draft","0","0"
"100639569686429696","rbs warns challenging commercial property market rbs added total value commercial property","0","1"
"100660562060509184","cb cliff harris lb kiko alonso participating oregon football first practice yet see rbs james barner goducks","0","2"
"100670384403263489","aight compare point diff b w qbs rbs similar adp","0","0"
"100725316808486913","list produced inferno 4 bob diamond rbs fred shred northern rock cameron clegg alexander osborne","0","2"
"100835082130030592","dont try change person accept whole rbs","0","0"
"100920134209769472","fwd lions sign rbs mike bell jerome harrison replace injured mikel leshoure","0","0"
"100921021187633152","lions announced signed rbs mike bell jerome harrison","11","249"
"100978745434836992","rt wat da end day nobody perfect rbs agreeeeee","0","0"
"101010202723229696","team play support lineouts ball won","0","1"
"101071917687115776","rt nationwide battle soul britain not let criminal hooligans win hbos lloyds rbs b b hsbc","0","12"
"101243640898265088","rbs ethnic foods wholesaler opens new supermarket liverpool","0","1"
"101290986185043968","gon na get totally busted zero tolerance moment dude recent events","0","0"
"101391964070617088","yeah man loving nailing 25th celebratory pint charton great win saturday night lol editors","0","0"
"101424771908120577","stratus x fix 10 year yields headed toward 1 75 rbs federal reserve pledge keep","0","0"
"101443721794551809","overweight news rbs cuts indian banks rating neutral overweight rbs cuts indian banks rating","0","0"
"101489283717808128","like lot mid round receivers year makes easier grab risky rbs early","1","2"
"101655886434541568","news innovation group lands rbs 40m subsidence contract insurer first","0","0"
"101662638521593856","seem recall ban highly effective 2008 think rbs hit 10p memory serves correctly","0","1"
"101679194194448385","come psychogeography stress psycho self 28 august 8pm rbs main theatre","0","5"
"101720974868746244","personally agree compensation small businesses likes rbs receive funds broken glass ukriots","0","1"
"101757119883251712","loot 3 50 water lidl get 6 month prison sentence fred goodwin stole billions rbs got 6 figure pension","2","73"
"101787991336435712","name london gangs responsible looting causing chaos er barclays goldman sachs rbs jp morgan","4","96"
"101822366778273792","correct rbs shares tumble 1h net loss market jitters wall street journal","0","0"
"101831225114767360","screens draws work even though rbs havent great not great football strategies","0","0"
"101884522173440000","pretty happy draft tho not problems last yr shortage quality rbs","0","0"
"101925357887823873","blessings increase take note rbs keys","0","1"
"101947113734283264","things pissing morning rbs statements 4 pages 1 suffice govt web sites sending passwords post wtf","0","0"
"102021801722396673","arkansas rb knile davis likely miss season ankle injury led sec rbs 1 322 rush yds 2010","0","0"
"102040848052662272","vy win percentage not world rbs def","0","0"
"102041326228484096","average friday rbs hanging wayans bros whos white bald guy w","0","0"
"102156774408323072","rbs mjd mccoy foster starting wrs bowe colston ford think jump welker","0","0"
"102193239699886080","rbs available though","0","0"
"102443027305480192","gave lot thought drafting rbs 1st 2nd round","0","0"
"102567849771544576","rbs running hard good sign perfect huge play action yards","0","0"
"102722929959247873","hindalco industries higher costs impact earnings rbs tip india stock","0","0"
"102890081383235585","donate support spreading rbs keys world get neat inspirational ebook","0","0"
"102906384634490881","great draft possibly overcompensated last years rb woes 3 rbs first 3 rds","0","0"
"103053059441164288","markets cheap volatility remains rbs european stock valuations remain cheap stoxx europe 600 index","0","0"
"103123965458915328","bank shares seem low bought lloyds rbs barclays friday not follow no expert take professional advise u fancy punt","15","83"
"103141735420526592","rt rt got ta hustle cant b working rbs exactly not b 1 sided","0","0"
"103216167535116288","best given average lifespan rbs perspective see wants needs careful","0","0"
"103389136517464064","british banks investing clusterbomb makers killing innocent people help us stop email rbs","2","54"
"103389615565705216","rbs worst offender banks investing 80m last year clusterbomb makers email rbs ask stop","2","88"
"103396476473978881","stockmarketwire flash rbs initiates hold heritage oil target price 220p stockmarketwire com","0","0"
"103423261303513089","via amnesty rbs 80 owned invested 80 million companies manufacture cluster bombs last year 98 victims civilians","0","0"
"103449043686002688","vote best rnb single theheadies sms rbs lt space gt artist name send 33960 network","0","2"
"103457914622197760","rbs actually one strengths whole lot better definitely see","0","0"
"103469201519423488","glad not hsbc lloyds barclays rbs reading put millions companies manufacture clusterbombs cunts","0","0"
"103494388306550785","not drop much rb hole qb rbs much shorter shelf life invest lines develop locker","0","0"
"103496372224933888","rt natwest rbs offering interest free loans 25k riot affected charities call 0800 158 5977 0800 092 3087","0","0"
"103503564705505281","share bang manager clusterbombs cartoon ask friends email rbs","0","22"
"103577469910659072","sent letter rbs asking stop funding clusterbombs manufacturers join email","0","14"
"103583559222165504","rt saints sign rb patrick cobbs many rbs tryna get lol whodat anyway","0","0"
"103704040608768000","rt got lets make love text know differents fucking making love im tryna fuck rbs","0","0"
"103783723966808064","vote theheadies2011 voting smssms ay sy rbs bcs space 2faceidibia send 33960 pls rt","0","0"
"103786648323633152","get basic customers denied access money rbs bans customers rivals atms news gt bs rbs","0","1"
"103800337277779968","5 500 letters sent rbs far demanding stop funding clusterbomb makers add voice","4","67"
"103860723012214784","rbs basic account customers ban using rival cashpoints screwing","0","0"
"103874394807480320","money news rbs customers barred using rival atms 1m lower income customers no frills account wi","0","6"
"103874565989609472","rbs funds companies make cluster bombs stops customers using rival atms switch banks","0","5"
"103875134644957185","dtn uk rbs natwest bar customers low income accounts using cash machines rival banks rbs spokeswo","0","0"
"103877718336225281","royal bank rbs ban using rival cashpoints crackdown royal bank scotland subsidiary natwest","0","0"
"103885083353677824","good rt see reaction gets rbs cutting basic customers atm access","3","3"
"103906298311086080","fyi no cardio combat tonight stay tuned changes coming schedule thanks rbs","0","0"
"103926401635336193","freeman top 10 qb rd 13 steal go freeman great 1 2 qb punch sole concentration rbs wr2","0","0"
"104050615935713280","bbc news rbs cuts customers atm access","0","0"
"104093995327700992","get holiday mood classic track sums brits abroad reverend","0","1"
"104137530286415872","think reached limit thought wrong rbs keys","0","2"
"104143029010571264","catch gwynethlewis anguspetercampbell 12pm today myth meat meets magic rbs corner theatre edinburghinternationalbookfestival","0","0"
"104193406825267200","actually watch ftse bit minskyan right rbs shares","0","0"
"104215055595347968","rbs stop funding clusterbombs makers help us fund ad campaign donate","0","24"
"104217420910170113","barclays 11 76 rbs 10 91 lloyds 8 89 hsbc 6 01","0","10"
"104224729891745792","got roddy white rd2 took bradshaw rd3 thisclose taking fitzgerald rbs ugly","0","1"
"104234636472889344","help us fund ad campaign shame rbs stop funding clusterbombs makers donate","2","25"
"104321358254706688","stop rbs investing slaughter","0","0"
"104338609414483968","let know update rbs serenade ok find happening ultimate fic","0","0"
"104607921157058562","help us run ads stop rbs funding clusterbombs makers text bomb5 70700 give 5 cs","0","23"
"104703622910189568","hate not guy assigned rbs backfield gt lt","0","0"
"104712640684765184","none passes close intercepted nothing deep even really challenging either like said no help rbs","0","0"
"104823961707216896","latest cliet rbs","0","0"
"104867041407795200","royal bank simon read rbs not withdraw service vulnerable","0","0"
"105003154965413889","k burnett really showing dolphins big athletic versatility upgrade crowder make dealing patriots tes rbs easier","1","6"
"105039565697458176","new blog posting fantasy football rankings 2011 3 rbs mammoth flops","0","0"
"105290427044868096","hey evan u trade elite qb flacco cassel rbs wrs mendy gore grant wells vjax holmes","0","0"
"105611450646659073","agreed lines inability open lanes rbs disconcerting sanchez wrs looked calibrated jets","0","1"
"105687380148756480","got ta honest not quite get people not high spartans reigning b10 champs great qb wrs rbs","0","0"
"105696964141780993","joyner puts blount hightower sleeper rbs fantasy year 2 3 rbs drafted ihopehesright","0","0"
"105705352745598977","rbs 600 washington blvd stamford","0","0"
"105798843760787456","brandon jacobs one favorite players wants tackle guy got thing big rbs sjax mendenhall tolbert turner","0","0"
"105837586567794688","nobody got speed like us tho darren 1 fastest rbs jacoby ford dog terrell pryor ull see lol","0","0"
"105915986506555393","reminder former rbs boss sir fred goodwin keeping 703 000 pension telegraph feralelite","0","4"
"105994642281074688","rbs creates head fx technology based trading role","0","0"
"106003458691309569","became mayor rbs queue centre livingston","0","0"
"106056063647879168","not steal ideas first draft qb bad luck rbs easier replace","0","0"
"106370598707527681","hays email blunder exposes high rbs contractor pay rates jeeziz 2000 day something wrong","0","0"
"106381868806578176","hays recruitment accidentally email full pay details rbs contractors rbs staff oops","0","0"
"106385371067187201","cowboys rbs murray choice returning practice gon na fight 2nd rb position go choice","0","2"
"106385622717054976","itd cost ya one ur precious rbs","0","0"
"106588941616025600","x ppl really act like give fuck say whats mind thats dont like step fuck rbs","0","0"
"106632111779356672","ex rbs boss fredtheshred reported flown rage wrong biscuits boardroom give scary boss stories","0","1"
"106718331704311808","breakfast puras rbs tv pic","0","0"
"106724581196308480","top 10 rbs nfl find","0","0"
"106747067120107520","love speed rbs deontray johnson travis hurd urifbcamp11","0","1"
"106900062503841793","yeah gon na try grabbing 2 top rbs early wr qb te dst k order","0","0"
"106935265297309696","relying brady make 36 tds last year add 3 rbs 28 23 wr tds","0","0"
"106942248788307968","assume no problem picturing mom sex since often fantasizes seems rbs","0","0"
"106998729290170369","hays reveals pay details rbs staff e mail blunder","0","1"
"107048024932495360","hr rbs contractors spare righteous indignation lot hr people thinking hrtrends","0","0"
"107262970450558976","ok watching colts packets game colts qb sweating wrs rbs line defense not good sign","0","0"
"107365957369987072","new online job codeigniter rbs theme please html put rbs theme anyone","0","0"
"107475508400365568","oh thats alright gon na say","0","0"
"107559864242417664","rbs rt real bitch hold nigga rather make not wan na c trying rns","0","0"
"107564988834652160","tiki still w job odd since gms usually looking selfish divisive 36 year old rbs tv studio 4 years","0","1"
"107565765632344064","rank rookie rbs ppr dynasty ridley carter hunter thomas helu","0","0"
"107774038906126336","rbs approved 80 million loan alliant techsystems american company make clusterbombs used kill civilians rt","0","6"
"107906917761945601","think top 3 rbs year","0","0"
"108000408785530882","u draft 3 back rbs bye week 7 stratagy","0","0"
"108003898425487360","true dat make sure late rbs upside guys not let mcgahee hog roster spot","0","0"
"108059351343828992","rt ralph silva research director srn tells cnbc either lloyds rbs cease exist end next year","0","0"
"108071615501307905","heard anything rbs shell pa marshall nc whether still interested many rbs sign","0","0"
"108110832235331585","rbs agrees cease belarus work royal bank scotland says no longer fundraising work bela","0","0"
"108155455418802176","royal bank scotland withdraw financing actions belarus regime rbs freebelarusnow indexoncensorship win","0","1"
"108198736454369281","1 qb league 9th pick top rbs gone went wr took bunch 2nd tier rbs hoping best","0","0"
"108218267646164992","taylor lot attractive imo guys like portis barber rbs hit market soon well titans","0","1"
"108237881868435456","rft niggaz aint really kickin dat shit dey tell ya co fuckin sign rbs","0","0"
"108272325509644288","rbs agrees end work belarus","0","0"
"108310434976763904","uh oh rt hays reveals pay rbs staff e mail blunder people management magaz cont","0","0"
"108435811107749888","ah ftse 100 150 points 2 9 5280 banks leading way rbs 12 lloyds 8 barclays 9 business","0","0"
"108444212273483776","bitches not tryna beef cause not take heat rbs","0","0"
"108568455959162881","not grab anymore rbs right drop b scott helu ward tate seems valuable","0","0"
"108582112612978688","new campaign launched rbs check videos scottish rugby team raiding others rooms ws","0","0"
"108583466458824705","rbs dead chester taylor ryan torain donald brown fantasyfootball","0","4"
"108604464050606080","rbs arian foster ryan mathews fred jackson roy helu derrick ward jerome harrison loaded enough","0","0"
"109018785809317889","rbs suffers rise customer complaints financial times","0","0"
"109028625612947457","clusterbombs rbs take 1st step towards reviewing investments campaign thanks taken action far","0","2"
"109036863251152896","attention read article comparing top rbs 2005 drafts gore picked best brandon jacobs not mentioned","0","0"
"109106627117985792","rbs turning drama queens nfl long ago everybody complaining wr divasnewschoolnfl","0","0"
"109132770210623489","rbs inks deal mobile apps","0","0"
"109184464982245376","ppi complaints rise rbs group complaints mis selling payment protection insurance ppi su","0","0"
"109285887447269376","us hot stocks saic ciena bank new york mellon rbs gap methode electronics inc mei 8 64 1 13 11","0","0"
"109378703196299264","chester taylor makes roster carry 4 rbs men no fbs","0","0"
"109391525200396288","lifecore fitness lifecore lc 850 rbs recumbent exercise bikes buy direct lifecore save 3 year warranty","0","0"
"109405387391893505","3 rbs bye week 6 guess giving week hoping strong start fingers crossed","0","0"
"109417261445550080","rbs lloyds help footsie rise mining stocks fall profit taking","0","0"
"109488329736728576","rbs stops lending cluster bomb manufacturers bank also said work banks uk go","0","0"
"109512577003945984","morning maths beers england game lionel gon na get messi tonight come eng er land","0","1"
"109539781272276992","point posh bank account delivers money not stock bloody right currency rbs fail","0","0"
"109615069029085184","nice draft rbs overrated","0","0"
"109659629314768896","rbs retail banking go glad not working no","0","0"
"109669146203136000","wow featured redbubble twttr 1 works featured rbs featured ts","0","0"
"109694857286656000","rt rbs 3 tds piece yesterday keep ground true indeed nigga","0","0"
"109744882742071296","fantasy football sleepers 5 backup rbs torch defenses 2011 imperative fill fantasy","0","0"
"109749062353428480","hopes uk bank share sales recede coalition plans begin selling stakes rbs lloyds 2012","0","5"
"109759554417463296","not draft kicker 1st advice give look value value goes drop top rbs wrs qbs","0","0"
"109783763940155392","weak august jobs data makes action fed sure thing observes rbs economist michelle girard unfort","0","0"
"109789547876978688","hopes uk bank share sales recede coalition plans begin selling stakes rbs lloyds 2012 stymied low stoc","0","0"
"109802969649778688","top 5 fantasy football rbs draft right nfl football","0","0"
"109824126763532288","saints put two rbs injured reserve","0","1"
"109970661186875392","rbs defend us mortgage claims","1","6"
"109982552965652480","take responsibility life things tend work person knows cause rbs keys","0","2"
"109983408712716289","bold prediction 2011 wisconsin wins national championship russell wilson rbs outstanding","2","50"
"110032062521671681","rbs overrated lot leagues look last year scoring qbs among top consider top qbs","0","0"
"110057333228445696","yes smart rbs best value league get stars qbs r sometimes equalizer not waste decisions","0","0"
"110127780762615808","rbs defend us mortgage claims","0","0"
"110147158430330880","business rbs defend us mortgage claims royal bank scotland says vigorously defend agains","0","0"
"110153185645170688","rbs u got want turner","0","0"
"110155983245938688","say definitely impressed improvement kufball much speed year especially rbs","0","0"
"110166645166718976","shotgun wrs slant te blocking rbs flat throw go phins","0","0"
"110210450494459905","yeah porter sheppard even moore bennett 5 rbs miller preseason watch","0","0"
"110277618061938688","taxpayers face 3 7bn rbs lawsuit us agency takes 17 banks court rbs barclays hsbc among 17 ba","0","0"
"110383842984067072","think go ap cj load rbs quickly possible","0","0"
"110395347989311488","enbattled rbs go youth market changing name r bs offering loanz mo gages competitive interest rates fiddy cent","6","74"
"110460007350411264","cuts not end crisis michael burke george irvin john weeks coalition turn rbs int","0","0"
"110541334930141184","top 5 fantasy football rbs draft nfl marshawnlynch markingram sfw no sex nsfw porn pussy vagina","0","0"
"110555981427118080","korea fss cautioned rbs local branch improper practices","0","0"
"110623430025547776","rated rbs royal bank scotland 5 stars liked best place work","0","0"
"110635471880720384","uk stocks decline led rbs barclays antofagasta slides businessweek b2b","0","0"
"110697019110203392","u k stocks decline led rbs barclays antofagasta slides san francisco chronicle b2b","0","0"
"110706238182014977","rbs leads european lender declines u mortgage lawsuit royal bank scotland group plc","0","0"
"110724701504024576","concerned sure think better options give consistent production rbs w chances start","0","0"
"110756683076222976","rbs leads european banks lower lawsuit mortgage net branch","0","0"
"110863600071086081","macquarie plans bid rbs aircraft leasing business report sydney reuters australia macquarie group","0","0"
"110888090628919296","make sure keep eye bye weeks not rbs example sitting week 8","0","0"
"110919707296665600","belated tks music rbs","0","0"
"111204118823055360","saints packers pass first not overlook rbs even two nfl best passing per fox sports","0","0"
"111336101007998976","activity around globe macquarie group rbs aircraft leasing unit silgan holdings inc nasdaq slg","0","0"
"111398403212189696","rbs lloy see moody set downgrade rbs lloy next week publication banking report","0","0"
"111501773902057473","apparently wvu not done offering rbs 2012 class vip mountaineernation","0","2"
"111548580245942272","q not taking handoffs no preseason cj two rbs risky","0","0"
"111569983796031488","looks like ingram best r matthews next best rbs poss avail best maybe otherwise wr","0","0"
"111769888514768896","got audition itv teatime quiz chase interview rbs","0","0"
"111789152965640192","daily mail u18 cup gets way not time northern school won daily mail rbs u18 cup","0","0"
"111791472403161088","eldest leaving next week rbs shares rise","0","0"
"111854445658251265","rbs group incentive scheme staff based exactly policy swapping overdrafts loans inbox details","0","0"
"111855141912711168","last night got little overzealous drafted 2 rbs bye week fantasyfootballfail","0","0"
"111901598023827457","u not understand good draft year brady stayed healthy 12 team league rookie rbs plus","0","0"
"111977460438024193","get use new wi fi whilst writing rt averett freshmen rbs bright spot","0","0"
"112064620063240192","evolution puts buy note rbs intro rbs darling sell side dog","0","1"
"112104631697547264","egoli news instalment warrant distribution wowsrx wowszx roberts limited asx rbs announced details","0","0"
"112141554185023488","football picks 6 pm today great time ole fantasy draft last night even rbs takin picked","0","0"
"112147442996219904","fantasy football rankings week 1 3 rbs expected shine bright running back position importan","0","0"
"112149280076214272","evolution buy dog rbs hopeless lloyds sell hsbc hsbc","0","0"
"112158440452923393","rbs not bovver wid android rbs eyes young old blackberry launch","0","0"
"112197346024108033","delighted hear rbs ceasing investment cluster bomb manufacturing well done","0","5"
"112587035382001665","dont u walk running back wvu lol rbs shit","0","0"
"112590768320937985","wisconsin rbs nice shit predict big10 champs","0","0"
"112594551578959872","rt salute true singlemothers singlefathers doin alone wit no hlp salute u rbs","0","1"
"113161113830567936","great sad graph lt rbs worth 3 3 2007 value lloyds 5 6 rather lost 96 7 94 4 value respectively","0","7"
"113202500542271490","great see home nation going well even defeat wales played really really well promising","0","1"
"113249693491920897","cowboys trade choice draft picks cb horrible last night garrett believe rbs 4 dressed use","0","0"
"113269859718139905","interesting way provide adequate liquidity rbs launches world first cta etf ft com exchange traded funds","0","0"
"113290103216029696","worrying whether make profit selling rbs lloyds pointless question best benefit owning","0","4"
"113295904659865600","seahawks rbs ran ball 17 times yesterday 38 yards talented rb leon washington got 0 carries","0","1"
"113422821765562368","sure thing good catch quickly direct message email like","0","0"
"113489632821387264","sorry everyone ol dl orton rbs wrs pretty much everyone decker","0","0"
"113508553326735360","europe stocks jump open led banks socgen rbs 4 mw mkt business","0","0"
"113611624757215233","freshlybrewed dissects week 1 targets rbs wr tes","0","2"
"113704066621775872","rt according nfl com dolphins worked rbs brian westbrook julius jones thomas clayton dmitri nance","0","0"
"113791631110569984","rbs revised forecasts euro","0","0"
"113953401221545984","money taxpayers may lose 45bn rbs bailout cash ring fence reform analysts warn","0","0"
"114175464460922880","start turner tolbert week 2 dang rbs fantasyfootball","0","0"
"114468772131254272","start four rbs lineup dmac mendy best mathews mega dez ahern not much else try get back","0","0"
"114493099086065664","memo rbs uk staff facing cuts staff royal bank scotland uk investment banking treasury divisi","0","0"
"114493719868215296","memo rbs uk staff facing cuts","0","0"
"114496601325707264","yeah won wouldn no offense anyone one best rbs hurt","0","0"
"114504251744587776","mohsin memo rbs uk staff facing cuts staff royal bank scotland uk investment banking tr","0","0"
"114515102438400001","non ppr turner holmes two sd rbs car steve smith wins","0","0"
"114545968317341697","rbs mendenhall bradshaw cadillac replace tolbert one week please respond thanks","0","0"
"114756081980424192","mother speaks rbs lol real af","0","0"
"114786989806587904","stacked reciever still not confident rbs mcfadden fine benched williams gore jackson","0","0"
"114851124896473088","get permission put 2 billion employer money risk its5oclock rbs","0","0"
"114889016234606592","kno dis gay oh well really wana see bitch squirt like person rbs lt lt lt lt","0","0"
"115101210272481280","lol skip dorsett shady think good rbs","0","0"
"115190444064907264","nebraska running future looks true frosh rbs","0","0"
"115248900092334080","still debating rbs 3 hillis hightower jones drew foster green ellis advice fantasyfootball wrs coming next tweet","0","0"
"115418345804791809","benson almost cracked top 10 rbs weeks expecting heavy workload flimsy run go davis","0","0"
"115526219071627264","actually getting little lucky week rbs narrowly missed rushing yards bonus","0","0"
"115547813198307330","scar marcus lattimore man 246 yards 3 tds become one best rbs sec history","2","71"
"115622398673436673","buenas nochesatUser retiring night thanks props rbs great music","0","0"
"115629587714678784","hi san diego everytime feel bad lt remember wasnt crying turner tolbert rbs fb","0","0"
"115684000428859392","rbs risk debt roll appears low banks plenty cash around 1tn dry powder collateral issue covered bonds","1","1"
"115704296636551168","rbs supposed barcs rbs context small amount greek exposure certainly 10","0","0"
"115847737639059456","spy mean someone shadow rb rivers relies heavily rbs move chains seemed","0","0"
"115871301243121665","yes teams preserve health drop elite rbs also addition two te sets","0","0"
"115878607737466880","rbs chief takes loss 2010 bonus guardian business","0","0"
"116172201140551680","viktor pleshchuk hacker pleaded guilty 9m rbs worldpay atm heist sells 2 flats st pete pay fine","2","8"
"116196990232166400","tech hacker sells home pay rbs","0","1"
"116199346168541184","hacker sells home pay rbs russian hacker breached security rbs worldpay property sold","0","0"
"116200927395987456","hacker sells home pay rbs","0","0"
"116238418253578240","take look waterways trust scotland rbs communityforce rt","0","1"
"116276701696237568","trade guy lost jcharles gets thomas jones sidrice sends woodhead welker away rbs weak wat u think","0","0"
"116320859341340672","trade starks order get gates rbs gore tolbert moreno bush te kendricks","0","0"
"116329793225625602","hacker sells home pay rbs","0","0"
"116416529175810048","rbs fixed rate bond 2 year rbs fixed rate bond 1 year","0","4"
"116543769809125377","post office open doors rbs group customers","0","0"
"116546798092423169","free withdrawals rbs customers post office welcomed hsbc","0","0"
"116555319273996289","turner everybody accountable keeping matt ground including rbs atltb11","2","13"
"116588445413027842","not let bitch bring character rbs","0","1"
"116591350018871297","rbs foster injured tate gone trade wallace wayne smith car thomas wait","0","0"
"116604989870313472","texans two rbs saints houston texans official site texans nfl texans","0","0"
"116799408447832064","not one constituent ftse 100 positive rbs second biggest winner 0 94","0","0"
"116857247925141504","rbs bank charges atm emailed yet","0","0"
"117141214825938944","recession rate cuts rbs call em europe","0","3"
"117229484020736001","give either ochocinco julio jones ideas rbs though","0","0"
"117342507892871168","wells fargo planned contribution loans upcoming rbs ge securitization shrinks 600 million cre marketplace","0","0"
"117489073656037377","goto rbs branch ask exchange 1 note use instead","0","0"
"117496048804564992","not know 3 rbs start lesean mccoy ahmad bradshaw matte forte ben tate fred jackson","0","0"
"117590064107749376","fantasyfootball start sit qbs rbs week3","0","0"
"117616807019425794","marshall koehn kickers still schedule redshirt getting taste iowa tes rbs","0","0"
"117656107639513088","fucking hell done 5 4 fold citeh spurs l pool won man u let fucker","0","0"
"117710734246424576","week 3 fantasy football projections 3 rbs carry team week bleacher report via","0","0"
"117752698266337280","de ro henry share lead goals scored think maybe kept rbs","0","0"
"117774986801979392","minor role players shitty offense rbs parvin hernandez guys benefitted cont","0","0"
"117826937447124992","carnell williams steven jackson mccluster jones rbs best chance biggest game","0","0"
"117843777565106177","hehe rt rbs really bad sex scale 1to10 0 01","0","0"
"117983616860041216","texans rb arian foster ben tate start steve slaton back active rbs","4","39"
"117990414644027392","thx 2 rbs tate cj jackson matthews desperate win league","0","0"
"118012938039726080","giants milked eagles biggest weakness drive using rbs philly lbs rbs accounted 64 yards 73 yard drive","0","2"
"118013505151574016","rb combo use madden rt bradshaw jacobs best dual rbs","0","1"
"118022064497111040","man nyg rbs making philly dbs look like bunch chumps","1","141"
"118067043944763392","rbs brandon jacobs continue dream team keep dreaming nyg","5","87"
"118083163288379392","support local projects rbs communityforce see happening vote eilidh brown appeal","0","0"
"118264445301563392","first day going well learning rbs buildingthedreamteam","0","0"
"118321617855188992","cash withdrawal locations rbs group cardholders","0","0"
"118321945006714882","31 17 rbs yesterday","0","0"
"118335329030782978","deal pipeline free content preview wall street hiring sept 26 ubs gs ry mcgc mf rbs","0","0"
"118360311634989056","rbs lombard funding provides edge cutting technologies","0","1"
"118399195693596673","please retweet good cause callander youth project rbs please vote communityforce rbs co uk project 404","0","0"
"118408326710181888","please rt look callander youth project rbs communityforce please vote win 6000","0","0"
"118493903090483200","thats true god creating rbs","0","0"
"118610023239786496","help maggie win 6 000 natwest rbs vote us community force project takes 1min","0","5"
"118645246086230017","please support friends win 6000 rbs communityforce","0","8"
"118695439385108480","rt nblpreseason2011 gfb 61 bsm 54 vinton 16 pts 16 rbs 4 stl chrisr 11 pts 7 rbs hendru 9","0","0"
"118710547263926273","scotservs plz help us raise awareness importantly votes new charity rbs","0","0"
"118788443865223168","cedric benson cedric benson 3 possible pick ups use bengals rbs suspension","0","0"
"118799126765907968","week 4 waiver wire roy helu 2 rbs sign","0","0"
"118924997820559360","thanks nothing else may able use one trade bait case charles type injury happens top rbs wrs","0","0"
"118982208156467200","take look streetwork rbs communityforce vote win 6k","1","0"
"119033965872021504","ben foden interview rbs 6 nations rugby england rugby interview ben foden teamfollowback","0","0"
"119175980798586880","sec probes banks mortgage loans us regulator examining whether rbs credit suisse misled shar","0","0"
"119263897587953664","please answer mcfaden ellis tate rbs bryant desean loyd stevejohnson wr trade lloyd ryan mat","0","0"
"119347829813678080","pls take minute vote one reserves rbs communityforce winners receive funds continue work","0","0"
"119369896047022080","rbs launches foreign exchange trading algorithm clients royal bank scotland rbs launched rbs","0","0"
"119380180488818689","please vote force award 6 000 make difference st","0","0"
"119381689423245312","goaheadscore com fantasyfootball fantasytaz ppr rankings week 4 rbs","0","3"
"119414775108214784","giants rbs tell eagles keep dreamin","0","0"
"119521134281621505","fantasy football week 4 arian foster 3 star rbs bench consistent fantasy scorers hav","0","0"
"136915712592711680","rb ranks 8th overall pro bowl voting 1st among afc rbs w 384 771 votes keep voting bills fans","1","61"
"137059738088259585","play 2 rbs 2 wrs","0","0"
"137178545926574081","marshall faulk tim tebow teams draft rbs first round","0","1"
"137216902849232896","rt 500m bonuses rbs bankers 1m customers charged using non rbs cash machines fair","0","0"
"137256463499411456","traded adrian peterson sproles demarco murray think better 2 decent rbs 1 amazing 1 good luck","0","0"
"137384876319047680","seo affiliates analyst rbs insurance bromley","0","0"
"137416543331041280","quick go ftse100 rolling quick tester know fast fall broke even rbs closed","0","0"
"137522571120885760","southend natwest southend rbs vision uk retail become britain helpful sustainable","0","0"
"137569283101298688","dont think people realize hard everybody never assume problems bigger friends loved one rbs","0","0"
"137583375958544384","tebow led broncos w no qb no rbs speak think skins chance see 6 3 something","0","0"
"137595275186417664","zenithoptimedia lands 50m rbs retail media account zenithoptimedia won 50 million media planning","0","0"
"137725156025044993","meanwhile lafayette 2 rbs 100 yds tonight looks like win state","0","0"
"137782819291275264","rbs order week 11 pts standard scoring leages hunter benson mathews wells ppr hunter mathews benson wells","0","0"
"137839039779840000","yeah sorry totally forgot mate already nearly pissed put bet lol yeah see monday","0","0"
"137913606099578881","4 robbie hummel valparaisohs purdue 20 pts 6 rbs 2 blk 6 6 ft win temple super7","0","1"
"138091784311017472","uga hang lsu rbs not break anymore team rules wonder coach richt extra couple bedrooms","0","0"
"138261993390997504","bet regrets jumping ship got relegated shame one best rbs easily play cb","0","0"
"138282314789691392","barclays rbs announce 3 16bn profits wary financial sector reforms","0","0"
"138323301532573697","hell naw not no play play going say picking rbs lions play not play play","0","0"
"138339231465607169","week 11 fantasy football projections lesean mccoy rbs sure top 25 points fantasyfootball","0","0"
"138346709922234368","huge fantasy week rbs failed finish grrrr","0","0"
"138435285238300672","chris canty giants got coldest face mask ever seen aint rbs tho","0","0"
"138548866998992896","crap nfl fantasy week week keep avoiding jordy nelson think back double big gun rbs next week","0","0"
"138549518206644224","messy top lloyds recruit rbs changes mind not coming interim ceo chosen case horta osorio return delayed","0","14"
"138713321472933888","rbs symon drake brockman appointed executive chairman formerly ceo rbs global banking markets","0","0"
"138860579279482880","talk fast think slow please think b4 u speak rbs","0","0"
"138939453166190592","thanks putting smile warriors fans faces warriorstimegrowsnear","0","0"
"138975041844027392","rbs rg imagine many rbs shares issued staff christmas bonuses","0","0"
"139362457092239360","wall worry wednesday time climb rbs jpm bcs cs hbc bac","0","0"
"139365028238331904","fair enough 4 rbs","0","0"
"139448112279322624","3 rbs average fewer yards rush contact brandon jacobs c johnson r mendenhall c benson 37 lbs lighter","1","20"
"139478903591944193","way ahead added last week streaming rbs carolina defense not really","0","0"
"139628673769803776","zenithoptimedia lands 50m rbs retail media account campaignlive","0","0"
"139738409353744386","james starks active packers packers rbs hands today fantasyfootball","0","1"
"139787730166104064","not think vick portrayed rb playing qb even still gets hit like rbs get hit not get flag","0","0"
"139794302632067072","wish gb show love rbs near endzone","0","0"
"140032392801959936","rt uk bank shares fall lloyds 22 1 p rbs 17 7p itsn revealing using decimal point gfc2 banks","0","4"
"140148285137616896","drinking wine got free rbs latest screw account pretty crap obviously not sent good stuff","0","0"
"140207617762017280","rbs lloy workers not included public pension calculations stop making things","0","0"
"140515265740943360","accrington swindon double come","0","0"
"140549965234704384","rbs rescues thomas cook royal bank scotland taken larger expected exposure thomas cook rescu","0","0"
"140550867022643201","wins biggar currie gala rbs cup today","0","2"
"140606009520566272","point teams stop putting rbs ends","0","0"
"140647440209543168","delbert love killed tough loss today 104 98 2 ot v carolina st 22 pts 8 asst 5 rbs 4 6 3s great job del","0","2"
"140826697036595202","im not oblivious obvious bitches cud act like u dont know jus sit bacc enjoy show rbs","0","0"
"140841033150898176","3 rbs n n good","0","0"
"140896272126193665","fact leshon johnson owns cardinals rushing record tells everything know team history rbs","0","0"
"140928350196740096","tebow gets no help wrs rbs terms completeing passes","0","0"
"141028229132722176","rt espn no 13 alabama closes game 22 9 run defeats vcu 72 64 jamychal green 21 pts 14 rbs","0","0"
"141094985687764992","daily commentary centralmarkets1 rbs 0 84p 19 58p","0","0"
"141119291654275072","check bowie remixes inspired kubrick 2001","0","0"
"141130821833728000","rbs solothurn bahnhof solothurn solothurn","0","0"
"141175377887363072","season 3 rbs went year lost first game 1 kaeding tore knee opening kickoff 1","0","0"
"141184764752302081","great win sd props coaches def rbs wrs ol tes equip managers water boys photographers oh special teams","0","2"
"141197725155868673","europe deal spending helps spread holiday cheer barclays stock finally bcs rbs db","0","0"
"141200406264033280","per nd rbs coach tim hinton coach tes meyer staff hinton wittenburg graduate former marion harding coach","0","4"
"141200803770806274","rice forte 2 main rbs slowed recently jahvid best killed keeping bench hoping return","0","0"
"141239545759940608","royal bank scotland rbs pay 52m role subprime mortgage meltdown agos","0","3"
"141251378713608193","rbs financial settle state 52 million","0","0"
"141635404993544192","jerod sounded like cribbs next rbs hillis offseason holmgrem make 2013 season happens","0","0"
"141676383343620096","rbs fined 1 9m cds mistake bank placed market prices auction among 13 credit default swap de","0","1"
"141929064985395201","ima find guys still recruitin oh yea heard rbs recruitin via manpower lol","0","0"
"141929614422458368","bs u find internet smh bs makes 95 sources responsible 4 60 rbs funfact","0","0"
"141933125054894080","rt thats crazy certain people get known people name done put couple bitches fasho rbs","0","0"
"142304237093781504","ruckme england interim coach 2012 rbs 6 nations rfu confirmed england interi","0","0"
"142352895210299392","lender last resort function sovereign nonsense actually debt monetization rbs ecb eurocrisis","0","0"
"142383291331379200","rbs santander fear bank reform costs understated","0","0"
"142409715421417474","rbs settle w mass ag 52 million","0","0"
"142422659039371265","top 3 rbs","0","0"
"142437485929185283","big love 47 points tonight 2 dunks 7 rbs 3 4 ass 5 passing lane steals thankgod goddamn","0","0"
"142501667160600576","hahahaa thought rbs squad tho","0","0"
"142503836068757504","rbs sells 918 pubs 422m scottish newcastle subsidiary heineken bank offloads non core assets","1","19"
"142548987294130177","dont get im huge fantasy football player multiple rbs injured come b","0","0"
"142611266689712130","rbs owned taxpayers lloyds partly ditto refuse reinstate cash machine access basic bank c customers","0","23"
"142631531201052672","bills also stop taking rbs high not want resign","0","0"
"142651550609833984","rbs also owned tenanted uk pubs business taken heineken","0","0"
"142754743083741185","not sure helps w wp7 phone use rbs estimates nokia lumia sales 850k 1 million q4 2011","0","0"
"142756987027992576","biz bulletin rbs sells pub portfolio royal bank scotland sold large portfolio pubs subs","0","0"
"143004258009231360","1 clay yeo tritonhs 32 pts 7 rbs 6 ast 4 stl win northwoodhs super7","0","0"
"143106515170115584","texas wins mostly run game top 3 rbs 1 season not find consistent qb play","0","0"
"143139784397832192","week 13 fantasy football rankings peyton hills rbs better bench","0","0"
"143148307198377984","rbs eyes 8bn exit aircraft leasing division altassets private rbs eyes 8bn exit aircraft leasin","0","0"
"143194394508533760","love rbs bros","0","2"
"143261809275699200","go back still virgin rbs","0","0"
"143375319699697664","today qb freeman rbs mcfadden peterson live","0","0"
"143396463181971457","week 13 fantasy football rankings steven jackson rbs leave behind","0","0"
"143412321866354688","yeah definitely rbs stepping today get know man honor tip hat lol","0","0"
"143427178086932480","anyone think cam playing wrong position runs better half rbs","0","0"
"143432256697024512","know focus tebow willis mcgahee disproving stats rbs not age well","4","47"
"143438611772211201","wisconsin rbs alls saying backup oh 30 tds","0","0"
"143469037249241088","rbs collapse 10 questions fsa answer telegraph questions ask fsa","0","2"
"86561878205145090","published video rbs sharepoint server 2010 week","0","0"
"86675334107381760","q govn owns rbs not govn keep bank put prof annually pension pot rather privatise","0","0"
"86723713411719168","uk manufacturing pmi fell 52 51 3 june 21 month low via","1","3"
"86808532632076289","rbs sells 1 6bn property portfolio blackstone","0","0"
"86896831128281089","rt gun ill shoot alot muthafukas rbs","0","1"
"87319310774706176","rbs 24 66 163 1 volume fri short interest ratio 3 34 stock event analysis","0","0"
"88230762389831682","want attend rbs se100 awards monday 11 july contact us thursday details jessicaatUser 0208 533 8893 socent","0","0"
"88555103728046080","mega achievers never came understand words rbs keys","0","1"
"88703011655913472","dear nat west continuing advertise newspaper prepared hack murdered girl phone notw","0","0"
"88905470726778880","peter ibbetson rbs says across 100 loan decisions get 1 wrong whole lot loss making","0","0"
"88953251055157248","rt monitise develops two new apps rbs natwest specifically designed ipad finextra","0","1"
"89055849116471296","feel u look rbs named helluva list u think better 10 guys","0","0"
"89247851758108672","english teachers needed job al ru ya bilingual school rbs bilingual islamic school arabic english th","0","0"
"89377308959453184","raheel futbol basketball olympic sports real football rbs considered past prime age 28","0","0"
"89412976708300801","reading sharepoint team blog around rbs download free rbs provider","0","1"
"90067167114043392","dang hate rbs idontneedyourightnow","0","0"
"90346805547638785","richardson 4star lacy 3star 2 rbs lol cant wait ironbowl 2011 lol war eagle","0","0"
"90374429242163200","broadband research bofa rbs madoff exxon court news","0","0"
"90413209755975680","oh hey rbs","0","0"
"90941654328020993","yachting news fairline bought rbs better capital limited","0","0"
"90998243869204480","sure rbs show get rid rbs hide","0","0"
"91075100316672000","get jolt inspiration rbs keys","0","0"
"91277995561582592","got great songs probably wombats edge","0","0"
"91396472075063296","rbs says eurozone raise 2 trillion euro fighting fund fix crisis adds clear ecb step c estmalquoi","0","0"
"91450171719827456","rbs deny involvement tar sands evidence","0","0"
"91653612245237760","well done hat trick rbs tonight legend","0","1"
"91661262659919872","7 7 like skilled players play skilled players teams wrs dbs rbs lbs te","0","0"
"91802048659587072","ah thats awesome enjoy go lot gigs x","0","0"
"91995179606740992","short offseason not stroke brilliance draft rbs w top picks rookie qbs lbs disadvantage","0","0"
"92220258550681600","sagna eboue jenkinson 3 rbs squad acn mind","0","0"
"92353881811582976","rbs best yardage numbers often teams weaker qbs teams run not pass","0","2"
"92910867376644096","exposed uk banks italy rbs 4 65 bln hsbc 4 45 bln barclays 2 92 bln lloyds 32 mln","0","7"
"92981513368510464","big moves bank shares late lloyds barclays rbs end 6 business","0","3"
"93049002689445889","end 3rd quarter spain 52 ukraine 54 nikola mirotic 29 pts 8 rbs nacho llovet 8 pts 3 rbs josep fracnh 8 pts 2 ast 2 rbs","0","0"
"93237414998450176","rt 5bn wiped value lloyds rbs barclays yesterday eurocrisis lt lt whatsreallyimportant","0","0"
"93238048355123200","rt rbs releases new white paper","0","0"
"93255152726835200","st luke high school barrhead won rbs pfeg personal finance education award pfe provision school","0","2"
"93284470882439168","wescorp suit filed ncua filed another suit california rbs securities alleging violations","0","0"
"93375197897437184","yeah going hurt durability issues nfl rbs get enough punishment","0","0"
"93441027498721280","still luck 3 great rbs owusu tremendous ol outstanding lbs plenty talented dbs not see","0","0"
"93448795328753665","delegate update david fairman ciso rbs americas attend cio finance summit agenda","0","0"
"93507016466771968","ranked rbs publish wed biggest mover deangelo williams 17 6 signs den explodes files restraining order","1","2"
"93589182907301888","test analyst rbs india gurgaon minimum 4 years experience software testi softwaretesting jobs delhi","0","0"
"93804627501395968","rbs canadian open golf bookmakers caught luke no value try arrow straight john rollins patrick cantley ew instead","0","0"
"93875658068983808","anger blocks good law attraction tip rbs keys home based success via","0","0"
"94049840568336388","uga richt rbs seen many young rbs play well years not fretting right ii not lay awake night","0","5"
"94057216893648896","rbs royal bank scotland group plc rbs n v expected part vii","0","0"
"94152192692453376","rbs read saying august 2007 rbs really like laugh","0","0"
"94224154399748096","forced new england rbs slipped 6","0","0"
"94386520093503490","rbs buy minor eu27 state 2 block basel iii proposals banks raise 405bn needs state agreement much 4 lu","0","0"
"94387509957632000","road success may rocky without rocks different road rbs keys","0","0"
"94421899026776064","fyi rt ncsu pre fall camp organizational chart james washington curtis underwood top two rbs","0","0"
"94457714213793792","woo hoo got remote blob storage rbs working sharepoint 2010 insight st4","0","0"
"94597522928046080","yeah screwed freshmen left one rbs kept 3 guys game not w team","0","0"
"94667060302462976","scotland senior business analyst royal bank scotland edinburgh rbs group large internat jobs","0","0"
"95045113906069504","let free featuring vocals us singer rbs love feedback","0","0"
"95077481354248193","rbs starts sale jet lease unit royal bank scotland launched sale airplane leasing subsidia","0","0"
"95128144314511360","bank china likely buyer rbs jet unit report london reuters bank china leading contender","0","0"
"95237087195967488","uva wr kris burd lost one wr last year rbs looking good everything looking right excited start","0","0"
"95390544183832576","friends become ex friends really not friend beginning rbs","0","0"
"95449771971575808","seo consultant fixed term contract rbs insurance largest personal lines insurer uk","0","0"
"95486807671717889","golem xiv thoughts rbs bailing bank ireland","0","0"
"95517694505390081","yeah none rbs reggie","0","0"
"95563232051331073","u k ftse 100 drops first time five days barclays rbs retreat ftse trading","0","0"
"95896729563578368","lucky im bout woulda shooed duck ass rbs still shooed af","0","0"
"95900785455546368","sure love see drop ball ifonly","0","0"
"95970847105355776","oh snaps project safer twitter posting info upcoming rbs trainings responsible server tips not wait","0","0"
"96087171928293376","rbs aviation bars former boss auction","0","0"
"96131354755993600","open question account names dr mandy apia exists rbs plc","0","0"
"96183171183411200","rt rbs aldgate union 10 whitechapel high strret london w 2 others","0","0"
"96199919026700288","thanks bill donnell john briggs rbs pointing us visual aid us debt","0","1"
"96214792657829888","no 2 pick 2006 reggie bush rushed 100 yds receptions among rbs since 06","1","9"
"96234190693085187","fed orders royal bank scotland rbs ln improve oversight us operations including risk management practices source rtrs","0","0"
"96318852702535680","last year rbs year wrs someone needs buy shanahan updated fantasy guide httr","0","0"
"96446061777924097","axis bank going right way rbs stock tip india","0","0"
"96458283971387392","ronnie ricky got ta go thinking let ronnie go gon na whole heap rbs","0","0"
"96500357039001600","rbs healthy year saints fine","0","0"
"96582582157836288","bank banking fed raps rbs risk management compliance us federal reserve board banks bank29","0","0"
"96593936159735809","oh tysm blip world props rbs fantastic music hear later xxxxoooo","0","0"
"96622126055948288","good rbs 7th round taking including lynch ryan williams","0","0"
"96623827974496257","comment site good luck running vince albert hope eat rbs pats feed go bankrupt","0","10"
"96663788085968896","nnamdi good start true rt even jets get nnamdi still going cover rbs tes slot wrs","0","0"
"96663884563349504","really not know good question wtf philly going w rbs get sproles","0","0"
"96707593371787264","rt u download track mixxy rbs rt 5hake said look mixxy","0","0"
"96789109703585792","wtf rbs better not stand real bitch shit","0","0"
"96793194934714368","give williams contract top level cb defense top 5 potentially rbs luxury","0","0"
"96812237083254784","banks 701 9 bln rbs cbr correspondent accounts july 29","0","0"
"96852041019826176","week ahead lloyds rbs uk troubled high street banks top reporting bill next week","0","0"
"96945192325746688","browns love rbs history injuries","0","0"
"96956550500982784","one concern adding aso roster makes passing game v pats much interior focused pats tes rbs receiving hurt jets 2010","0","0"
"96966788780277760","commercial manager strategy capability rbs london edinburgh packages attract best","0","0"
"97100285121536001","new rookies qbs rbs porcelain bush stabbed b marshall no ronnie ricky inaccurate henney bracing rough season","0","0"
"97191049855893504","aviation insurance week ahead lloyds rbs","0","0"
"97277888700747776","exceptional graduates wanted trainee recruitment roles hot 100 rbs top 20 recruitment company apsco final","0","0"
"97366736646574080","rbs sorted community banking gives cash piss wall","0","0"
"97384726020628481","mims butler backup rbs fielding kicks","0","0"
"97457581089497088","likely additions got like 12 rbs anyway sharethewealth","0","0"
"97472978362707968","rbs rt lm bears continue collect ex cowboys agreeing two year deal rb marion barber","0","0"
"97736468730093568","rt talking rfa rbs gt no require giving draft picks obtain","0","0"
"97737255900282880","rbs prefer run zone game single setback arian foster one really outstanding playing fb","0","2"
"97798598959439872","ryan williams value ok rbs went like hot cakes ended foster ingram williams murray","0","0"
"97807692206317568","not operate w police unless bitch nigga try play army navy gon na take save thee rbs","0","0"
"97933781406728192","rbs big building near deansgate looks lot better cornbrook","0","0"
"98403793208750081","join fantasy league code join league 755346 190754 please retweet open tweeps","0","1"
"98430491853725698","isu football series part 3 digital love story techonolgy helped isu rbs find","0","0"
"98436451947130885","rt rt rt thanks teaching rbs proud hv","0","0"
"98496753438949376","haynesworth used words kill attack talking wants opposing qbs rbs","0","0"
"98496946402107392","collecting rbs","0","0"
"98538872648105985","u know cal current rbs deboski longest run 30 yards u remember calfootball","0","0"
"98573861540474880","thnk u rbs","0","0"
"98576373941157888","yea cool lolrt dont friendly shit fcks bol rbs","0","0"
"98849288897036291","saints gon na shake back year fasho 6 rbs lmao","0","0"
"98858368579538944","rbs lbs working pass protect pass rush drills rb stafon johnson stood colin mccarthy fired titans","0","5"
"98858604467195904","ft quotes rbs exec saying abn never chance succeeding fred fsa sign incredible head scratching stuff","0","0"
"98876845474324480","yeah not forget wages well liverpool soon broke rbs nearly recalled loan summer","0","0"
"98882889453813760","yes rbs closing moving accounts melrose","0","0"
"98931195248775168","thinking floor teller thingymobobber","0","0"
"99118391230607361","nope want see good performance touch wood no injuries","0","0"
"99121654399123456","unique volume spotted shares nyse rbs royal bank scotland group plc nyse rbs fell 7 71","0","0"
"99190868824690689","rbs writing value greek government debt exposure 840m sky news","0","6"
"99258795582169088","allied irish ferrexpo hsbc prudential rbs u k irish equity preview ftse 100 index fell 191 37 poi","0","0"
"99448831091019777","rbs hit 30p strong rebound rmp bounce back strongly 23","0","0"
"99634131276800002","working tonight armour hotel rbs couple steam min bath massage send light skip brain cancer survivor thanks","0","0"
"99645560746819585","no cap issues no point haveing 4 rbs messam canadian makes valuable whitlocks fumbles injuries","0","0"
"99813827826298881","taxpayers losses stakes rbs lloyd widened 30bn yesterday","0","0"
"99859285705625600","bears options rbs forte barber taylor chicago tribune","0","0"
"99940788942811136","top 5 rbs 1 jim brown 2 oj 3 sanders 4 dickerson 5 faulk right no emmitt walter top 5","0","3"
"99997043417821184","turnaround rbs insurance arm boost sell","0","0"
"104072480825683968","rbs cutting customers atm access royal bank scotland stop nearly one million account holders usi","0","0"
"115722712256757760","rbs select silver account offers three dvd rentals every month lovefilm five music downloads every month","0","4"
"119175977849991168","sec probes banks mortgage loans us regulator examining whether rbs credit suisse misled shar","1","19"
"88880309101281280","dear nat west continuing advertise newspaper prepared hack murdered girl phone notw","0","0"
"93983204196884480","anger blocks good law attraction tip rbs keys home based success via","0","0"
