"tweet_id","text","author","language","likes","retweets","media","timestamp"
"208323953591205888","PNC Mortgage Offers New Online Resource to Provide Convenience and ...: In addition, they have PNC resource cont... http://t.co/IdDJY0Oi","joanemaverick","EN",0,0,"no url","2012-05-31 22:27:55"
"208410268143861760","Me and my PNC @lil_lafa_23 gone be doped out all 2ma","Law_Tha_Dragon","EN",0,0,"no url","2012-06-01 04:10:54"
"208443528970371073","Off tha phone w. Mah pnc @BANKROLLJAY &amp;  now on tha phone wit mah lil sister @slowdownKB ; mah two favorite pll eva :* !","speedupFatty","EN",0,1,"no url","2012-06-01 06:23:04"
"208538492219826177","Thank you to Northwestern Mutual, PNC Bank and Reed Smith for providing summer internships for our Collegians!","GirlsHope","EN",0,0,"no url","2012-06-01 12:40:25"
"208560868827475968","Entre la noche de ayer y la madrugada de hoy, la PNC arrestó a 10 conductores temerarios por manejar en estado de ebriedad.""No iba en cola","newmarr","ES",0,0,"no url","2012-06-01 14:09:20"
"208584155607478273","@Javi_pnc @Hernanlopez05 @davidjuanjose @Lupe_Spears @emilia_mendez @flopafull fue genial ese dia","flooren","ES",0,0,"no url","2012-06-01 15:41:52"
"208611716404228097","Funes dice que fortalecimiento de PNC ha derivado en capturas de líderes criminales, decomisos de drogas y reducción del delito.","LPGPolitica","ES",0,0,"no url","2012-06-01 17:31:23"
"208611921887363072","I'm at PNC Bank (Cleveland, OH) http://t.co/Z1Roshnu","bassdiety","EN",0,0,"no url","2012-06-01 17:32:12"
"208620578960187392","@_michaelberg fck PNC.  IUN boaaa","B_REYESS","EN",0,0,"no url","2012-06-01 18:06:36"
"208647107937177600","Wisconsin New Jobs $ Banking Teller Supervisor I at PNC (Milwaukee, WI)  http://t.co/LBCbD94z","WisconsinJobsQ","EN",0,0,"no url","2012-06-01 19:52:01"
"208654179508568064","PNC Bank to fill crucial spot in Golden Triangle http://t.co/C1cUeOal via TribLIVE","PghCRE","EN",0,0,"no url","2012-06-01 20:20:07"
"208668872176439296","2nd prom of senior year at PNC Park! Bout to turn up!","PrimeTime47_24","EN",0,0,"no url","2012-06-01 21:18:30"
"208720541799038976","PNC Bank issues dreary forecast for St. Louis - St. Louis Post-Di http://t.co/PSE0jywV","onlinebanklist","EN",0,0,"no url","2012-06-02 00:43:49"
"208802687226085376","No pnc dcir esto pero...quiero q el cuatri c alargue...q no c vayan los d noveno pliiiz","ale_amOree","ES",0,0,"no url","2012-06-02 06:10:14"
"208850221277523969","PNC Bank Mortgage Rates Today: Ongoing Lows Unchanged - World News Resource http://t.co/ePH78RbT","louiehoutchins","EN",0,0,"no url","2012-06-02 09:19:07"
"208912020173623296","@tuitterdobruno_ bah que pnc dfjsa","heeyfinho_","ES",0,0,"no url","2012-06-02 13:24:41"
"208923399303610368","Zespol Dym performing at the 40th Annual Polish Heritage Festival tomorrow at the PNC Bank Arts Center in Holmdel, NJ (Exit 116 on the GSP).","ZespolDym","EN",0,0,"no url","2012-06-02 14:09:54"
"209100562501873664","Light shining through the clouds over PNC Park and the North Shore http://t.co/UGm6ORFx","MikeDarnay","EN",2,3,"https://pbs.twimg.com/media/Aubf2o6CMAMQacl.jpg","2012-06-03 01:53:56"
"209131596161363969","@pacificrugby hey! any links to view PNC","Popyecake","EN",0,0,"no url","2012-06-03 03:57:12"
"209330480565329921","Oficialmente habrá pronunciamiento legislativo sobre el hecho en que se detuvo al directivo parlamentario por la PNC y remitido a Asamblea","ojoatento","ES",0,4,"no url","2012-06-03 17:07:30"
"209340841599307776","""@LegendaryPNC: Check out @MrMeana - ""I'm Just Being Me"" (Music Video): http://t.co/Fm8VWrle #HITZInternational #MrMeana #PNC #Legend #HITZ""","MrMeana","EN",0,0,"no url","2012-06-03 17:48:40"
"209342399074406400","RT @thespunkymom: @monikamcg It's PNC Bank. They are the ones who are discriminating against my (cont) http://t.co/Nf2kFFoj","monikamcg","EN",0,0,"no url","2012-06-03 17:54:51"
"209390141142347776","En un comunicado la Asamblea dice PNC puso a su disposición a Rodrigo Samayoa por la ""comisión de un supuesto delito"" http://t.co/chfOoKJB","elsalvadorcom","ES",0,8,"no url","2012-06-03 21:04:34"
"209405412934557696","Willoughby police seeking suspect in PNC Bank robbery Monday morning http://t.co/fCbyHeH8","pickinsurance","EN",0,0,"no url","2012-06-03 22:05:15"
"209518155809300480","Plainview Teller Banking Supervisor I - PNC Bank -  Louisville, KY http://t.co/FCDHuOC1 #banking #jobs","JobsBanking","EN",0,0,"no url","2012-06-04 05:33:15"
"209521393799401472","You better know it :] RT @CallmeeTootall: I see my Pnc was holding it down for a real nigga .:* @Calhounnn","Calhounnn","EN",0,0,"no url","2012-06-04 05:46:07"
"209662722063872000","Both #Samoa and #Tonga have defeated Tier 1 Nations in their past 5 tests - PNC Statistical Preview: http://t.co/sTynDYfn #rugby #PNC2012","FORU_Inc","EN",0,1,"no url","2012-06-04 15:07:42"
"209671860630208512","Director PNC: en el caso del diputado Samayoa nosotros llevamos a cabo el procedimiento apegados a derecho http://t.co/q5invlLU","ComunicacionPNC","ES",1,4,"https://pbs.twimg.com/media/AujnckTCQAAexCK.jpg","2012-06-04 15:44:02"
"209680290841501698","""Tenemos confirmación que cadáver encontrado es de la atleta Alison Renderos"", Fco. Salinas, Director PNC. Investigación continúa","lexpineda","ES",0,0,"no url","2012-06-04 16:17:31"
"209734459602378752","RT @OFigueroa_PL: PNC y PMT de Chichi, Quiché, suspendieron desalojo de comerciantes informales. Buscarán orden de Juez http://t.co/GwCuHEY2","prensa_libre","ES",0,1,"https://pbs.twimg.com/media/AukHYgcCIAAZ7nJ.jpg","2012-06-04 19:52:46"
"209754399965331456","@Ladyslim6 is my PnC! Lmao","Ay_TwurkSumKris","EN",0,0,"no url","2012-06-04 21:12:00"
"209782338262007809","Mortgage Rates Today: Bank of America, PNC Bank and Chase Refinance Rates for ... - Eastern Morning Herald http://t.co/eQBcrCjR","marshallfragass","EN",0,0,"no url","2012-06-04 23:03:01"
"209822359497089025","Hope soRT @WVSteph: @TheRealJoshPaul Can't wait to see y'all in Pittsburgh PNC park after the Pirates game July 7!  Will u watch the game?","TheRealJoshPaul","EN",1,1,"no url","2012-06-05 01:42:03"
"209828449064468481","Director PNC afirma que Diputado Samayoa fue entregado a autoridades en sede policial http://t.co/Y286aKlD vía @radio102nueve","lexpineda","ES",0,7,"no url","2012-06-05 02:06:15"
"209837518504472576","New Job Listing: In-Store Financial Sales Consultant - St. David's at PNC (St David, AZ) http://t.co/IwQfMJjm #jobs #job #hiring","HereInAZJobs","EN",0,0,"no url","2012-06-05 02:42:17"
"209850315321769986","A big shout-out to PNC Bank (@PNCBank_Help) for having awesome customer service and saving us money!","LogicLounge","EN",0,0,"no url","2012-06-05 03:33:08"
"209851561042640896","Alliance Distributors Signs Credit Facility With PNC Bank - MarketWatch (press release) http://t.co/r1BN8P2m","KellieMARTINEZ","EN",0,0,"no url","2012-06-05 03:38:05"
"209858657805025281","Who will be attending the @Drake concert at pnc bank ????","DevOnMarque20","EN",0,0,"no url","2012-06-05 04:06:17"
"209862512362004483","Aiier pnc k moriria d amor cuando t fuist m ekivok, iio siempre m ekivoco no hago chists... Hoe cmprov k kada año biciesto d ti m akuerdo ;)","KaryLiCamp","ES",0,0,"no url","2012-06-05 04:21:36"
"209897165722619905","PNC education program recognized: WESTVILLE — As the Purdue University North Central Education Department facult... http://t.co/FClo3gqH","smadkut","EN",0,0,"no url","2012-06-05 06:39:18"
"209926307721646080","Miss kick @kurt_morath #PNC #TONvSAM Tonga 6 v Samoa 3 25mins 1st half","coconutgeek","EN",0,0,"no url","2012-06-05 08:35:06"
"210001918435659777","New post: Calender of Events - Report Highlights PNC Financial Services and Xerox Corporation http://t.co/CgVVQP34","nancy_ziering","EN",0,0,"no url","2012-06-05 13:35:33"
"210060546425372672","Bilingual Teller Banking Representative I - PNC Bank -  Homestead, PA http://t.co/Uhp2sHsv #banking #jobs","JobsBanking","EN",0,0,"no url","2012-06-05 17:28:31"
"210061444006428672","@joaop_93 veremos o pnc uiosauioasio","JonathasOM","ES",0,0,"no url","2012-06-05 17:32:05"
"210114787160506369","So i'm not gonna take the UPS job....so I'm just hoping CitiFinance pull thru or PNC bank!! hell ANYWHERE","BTW_iMJazzyJ","EN",0,0,"no url","2012-06-05 21:04:03"
"210135930655346688","Money Advice Group Secures First Acquisition After £10m From PNC: Money Advice Group acquires North West debt ma... http://t.co/9vA87MMU","makemoney_2011","EN",0,0,"no url","2012-06-05 22:28:04"
"210145468485865472","""@prensa_libre  #DiálogoLibre"" con los sueldos actuales de los diputados podemos poner la fuerza que necesita la PNC...","Bobby_Chad","ES",0,0,"no url","2012-06-05 23:05:58"
"210344161415659521","Durante la noche, se reporta la captura de ocho agentes de la PNC en sub estación de La Villa zona 10, por delitos de plagio y secuestro","EmisorasUnidas","ES",1,33,"no url","2012-06-06 12:15:30"
"210356083552821248","PNC confirma decomiso de dos kilos de cocaína dentro de avión privado en el aeropuerto Internacional de El Salvador","uhprensagrafica","ES",0,4,"no url","2012-06-06 13:02:53"
"210365492140056576","PNC informa del hallazgo de 2 kilos de cocaína en avioneta privada en Aeropuerto Internacional El Salvador. Ampliamos: http://t.co/pFDBQlcU","elsalvadorcom","ES",0,10,"no url","2012-06-06 13:40:16"
"210367573659885568","@Seneca_PNC HE CAN'T MARRY HER!!!!! MY WRITER IS THE FUTURE MRS. HEMSWORTH! TEAM GALE! DOWN WITH PEETA! DIE MILEY!","PeetasGal","EN",0,0,"no url","2012-06-06 13:48:32"
"210415407557906432","Protesta de Universitarios es en apoyo a estudiantes de magisterio, dicen estar preparados para enfrentarse a PNC http://t.co/sz3Bflj8","T13Noticias","ES",0,8,"https://pbs.twimg.com/media/AuuLC80CEAERsAo.jpg","2012-06-06 16:58:37"
"210439384363827201","NACIONAL: Agentes de #PNC regresan a Ixchiguán, San Marcos, después de ser tomados como rehenes a cambio de mercadería de contrabando.","Telediariogt","ES",0,0,"no url","2012-06-06 18:33:53"
"210446393050013696","Government Jobs  $$ Branch Financial Sales Consultant III - Friendship NW at PNC (Washington, DC)  http://t.co/EppGCsWS","SoftwareJobsQ","EN",0,0,"no url","2012-06-06 19:01:44"
"210511408947920899","Lexington Jobs Pay CUST SERV ASSC I SL/SRV at PNC (Lexington, KY)  http://t.co/ICYro7l7","LexingtonLive","EN",0,0,"no url","2012-06-06 23:20:05"
"210565066662232064","@AntonyRene_ jajajajajajajaja y vos que hacias metido alli jajajajaja mejor dicho: Nos evitamos el contacto directo con la PNC jajaja","Yaqui_colindres","ES",0,0,"no url","2012-06-07 02:53:18"
"210767722877947906","June 9th Rooftop June 12th PNC June 17th JG June 18th bornday party #TurnbakUp","TURNTUPHippY","EN",0,0,"no url","2012-06-07 16:18:35"
"210831325287030785","Just a reminder PNC Air Show 2012 is NOT this weekend on the Riverfront in Peoria! New dates to be announced. #airshow #peoria","PrairieAirShow","EN",0,0,"no url","2012-06-07 20:31:19"
"210855023838629891","The Charlotte Bobcats &amp; @MiamiHeat will play a preseason game in Raleigh's PNC Arena on Oct. 23! Get your tickets now: http://t.co/SvF1Rk83","bobcats","EN",3,21,"no url","2012-06-07 22:05:29"
"210892377584435200","@martinthegrate They're playing at PNC Park after the Pirates game Saturday. I'm sick of seeing it.","laclips","EN",0,0,"no url","2012-06-08 00:33:55"
"210901806350483457","http://t.co/DQJT3dBX Branch Financial Sales Consultant - Westfield Branch at PNC (Westfield, IN): As a PNC Financ... http://t.co/Ht4LWyH0","IndianaJobBank","EN",0,0,"no url","2012-06-08 01:11:23"
"210915609830096899","@LEGITERALLYepic i'd love to become a full time SID for PNC's athletic department.","WillyC17","EN",0,0,"no url","2012-06-08 02:06:14"
"210922928869613568","NC Jobs | Operations Senior Specialist Data Entry (Midnight) at PNC (Rocky Mount, NC) http://t.co/vCDbWKoX #job #hiring #ncjobs","JohnstonWake","EN",0,0,"no url","2012-06-08 02:35:19"
"210939215360442368","New Jersey Jobs $ Client Relationship Representative II at PNC (West Paterson, NJ)  http://t.co/LslzmbZX","FORTRANJobs","EN",0,0,"no url","2012-06-08 03:40:02"
"210982381857931264","Cruella Deville is my PNC","ItsYair","EN",0,1,"no url","2012-06-08 06:31:34"
"211101111304716288","I'm at PNC Bank (Columbus, OH) http://t.co/E6gqLrBo","justcabs","EN",0,0,"no url","2012-06-08 14:23:21"
"211112666620633089","It's Friday! (@ PNC Bank) http://t.co/70iK43FG","JSCram3254","EN",0,0,"no url","2012-06-08 15:09:16"
"211120967144054785","¿Dónde putas estaba la PNC hoy en la mañana cuando me asaltaron hoy temprano dos cacos hijos de puta?","noahfecks","ES",0,0,"no url","2012-06-08 15:42:15"
"211128755966578688","@MahreeWEST ok pnc u too love u","FlyBoyGrizzley","EN",0,0,"no url","2012-06-08 16:13:12"
"211149182646493184","RT @Bvasquez_pl: PNC y estudiantes acuerdan despejar un carril de la Avenida Petapa con dirección al Trébol.","prensa_libre","ES",1,6,"no url","2012-06-08 17:34:22"
"211170413798105088","Job Lead: Teller - Full Time - Weston Commons at PNC (Weston, FL): Tellers are the key element of any retail ban... http://t.co/m9yGwIgS","myfloridajobs","EN",0,0,"no url","2012-06-08 18:58:44"
"211206858088792065","I wanna go to the river w/ my pnc .","_mellamoASH","EN",0,0,"no url","2012-06-08 21:23:33"
"211207470473945088","Lets goooooo ""@_mellamoASH: I wanna go to the river w/ my pnc .""","Daddie_Juicyy","EN",0,0,"no url","2012-06-08 21:25:59"
"211209558817902592","Detenidos por PNC, acusados de estafa, hacían firmar documentos en blanco para luego colocarles cifras. Victimas eran empleados estatales.","elsalvadorcom","ES",0,3,"no url","2012-06-08 21:34:17"
"211209974473433088","@brianna_del PNC nd its meet and greet and its the day b4 my birthday","DemisPrince820","EN",0,0,"no url","2012-06-08 21:35:56"
"211224981697335297","PNC Bank issues dreary forecast for St. Louis http://t.co/fCbyHeH8","pickinsurance","EN",0,0,"no url","2012-06-08 22:35:34"
"211238546084864000","6th row at PNC Park! http://t.co/OqU3bc0V","daveofford","EN",1,0,"https://pbs.twimg.com/media/Au54VqaCIAAgGqh.jpg","2012-06-08 23:29:30"
"211240337023303680","RT @RetenesSV:Unos 36 Retenes PNC de tránsito serán instalados sta noche en San Salvador, por precaución ant juego de #miSelecta. #RetenesSV","LuisRaul10","ES",0,1,"no url","2012-06-08 23:36:35"
"211242643898892288","Los patrulla de la PNC son mas sirena que velocidad","ookelvin","ES",0,0,"no url","2012-06-08 23:45:45"
"211248050348367872","A sell out at PNC Park for the  @Pirates game is great to see! #letsgobucs #bucn http://t.co/2a13fnUX","TheCoj","EN",0,0,"https://pbs.twimg.com/media/Au6A-4jCIAAooUL.jpg","2012-06-09 00:07:16"
"211264093556977664","19 years straight without a winning season, and PNC is still packed.  That's why Pittsburgh fans are the best.  #Bucn","AlexMuchnok","EN",0,0,"no url","2012-06-09 01:10:59"
"211266123373613056","36,069 at PNC Park.  That's how it should be all the time.  6 more outs.... #LetsGoBucs","WPXIScott","EN",0,5,"no url","2012-06-09 01:19:03"
"211267407052931072","Denuncia RT @jricardososa: Regresan los asaltos en la zona del Arbol de La Paz, hace mas de un mes quitaron el puesto de la PNC","elsalvadorcom","ES",0,2,"no url","2012-06-09 01:24:09"
"211272210839642112","#RAISEIT!!! Your Buccos win tonight 4-2 in front of 36,069  at PNC. #BUCN http://t.co/mreYrVOH","Pirates","EN",9,150,"no url","2012-06-09 01:43:15"
"211295894795067394","$PNC-L - L - Stock Analysis - futures trading strategies - http://t.co/OHP8qbR3","letstrade14","EN",0,0,"no url","2012-06-09 03:17:21"
"211491290628620288","Anoche, después del partido de la Selecta, 20 personas fueron detenidas por la PNC en los 33 retenes por... http://t.co/PwxpdaIf","drevbs","ES",0,0,"no url","2012-06-09 16:13:47"
"211501558284816385","@Boonie_PNC yall gonna be back in time for the game tomorrow","JPsaluteRshoot_","EN",0,0,"no url","2012-06-09 16:54:35"
"211532529017163776","Picnic next to pnc bank with kelsey! #thisisthelife&lt;3","allyfeger","EN",0,0,"no url","2012-06-09 18:57:39"
"211580427989811201","Let's go Bucs!  @ PNC Park http://t.co/Gj9gMLho","GregSchirra","EN",0,0,"no url","2012-06-09 22:07:59"
"211589491889143808","http://t.co/thdTWL0b - 6pm Sat at the PNC ATM right by the Shadow Lounge #412ratchetness","mikejax","EN",0,0,"no url","2012-06-09 22:44:00"
"211623963347005440","Seeing PNC Park full of fans makes me pants full of pride","fsmikey","EN",11,20,"no url","2012-06-10 01:00:59"
"211634299609415681","@JA_OnTheReal Do you think they are photos that are already on the phones when entering the ballpark, or taken at PNC?","chrispeak1","EN",0,0,"no url","2012-06-10 01:42:03"
"211673188629884928","Lemi in for another try!!! 23 - 13 to Samoa #gomanu #pnc #rugby","gothemanu","EN",0,3,"no url","2012-06-10 04:16:35"
"211712695366459393","#JPNvTGA Tonga defeated Japan by 24-20. It's a good game to watch. #PNC","Lovelyhoneybees","EN",0,0,"no url","2012-06-10 06:53:34"
"211796422062907392","Chicago New Jobs $$ Personal Banker / Branch Financial Sales Consultant - Streeterville at PNC (Chicago, IL)  http://t.co/3D1gzQXy","ChicagoJobs2","EN",0,0,"no url","2012-06-10 12:26:16"
"211858472579497985","I'm at PNC Park for Kansas City Royals vs. Pittsburgh Pirates (Pittsburgh, PA) w/ 33 others http://t.co/1khByZ35","kdoster","EN",0,0,"no url","2012-06-10 16:32:50"
"211920162495004672","#RIASEIT!!! Your Buccos complete the sweep 3-2 at PNC. Burnett earns the W &amp; @GrillCheese49 earns the save #Cheese http://t.co/eVdb7BBF","Pirates","EN",12,159,"https://pbs.twimg.com/media/AvDkQ9bCAAEEBJL.jpg","2012-06-10 20:37:59"
"211933442470977537","Hey PNC, see ya in two days #drake","danielalosada","EN",0,2,"no url","2012-06-10 21:30:44"
"211952424989102081","Not quite a full house at PNC but #Pirates fans were loud today. Always great to see people fired up. We need ya! #wiredwithme","GrillCheese49","EN",10,51,"no url","2012-06-10 22:46:10"
"211965817418559488","@jonmhein You gotta make a buccos game J.  Burnett was $ today - no hits through 6. PNC park is the place to be.","CosmosTickets","EN",0,0,"no url","2012-06-10 23:39:23"
"211975363625107461","Lmao when my grandma trys to say pnc she actually says bnc #Arabprobs","xshawty64","EN",1,0,"no url","2012-06-11 00:17:19"
"211989976597008384","@evolKoko_xo thanks PnC (^.^)","BriFentyBby","EN",0,1,"no url","2012-06-11 01:15:23"
"212014815248515075","Partido Nacional Chicharesco!!! PNC! Like si votaras por ese guapote partido","Chichaarolovers","ES",0,0,"no url","2012-06-11 02:54:05"
"212044674536456192","@ladydarksoul17 aaaa va jajajajajajaja!!! Yo pnc q viendola estaba! Es CLARO q si!! (Se va la seÑal)","javieshta","ES",0,0,"no url","2012-06-11 04:52:44"
"212176245658615809","subiendo taxi en grua la PNC, blvd del ejercito hacia ss http://t.co/cw4obTXE vía @Ilanec6 #traficosv","ddovia","ES",0,0,"https://pbs.twimg.com/media/AvHMpInCAAETrSS.jpg","2012-06-11 13:35:33"
"212193840738746368","Thx Tracy! RT @tracyweir: [Nice job, @katielance + PNC Mortgage] Tools to Ease the Home Buying Experience http://t.co/mZp1NLR1","katielance","EN",0,0,"no url","2012-06-11 14:45:28"
"212210395669200897","@Jeff_Szklinski based on our attendance record (2 games), I argue that we have indeed made a significant contribution! #Pirates, #PNC Park","benpensfan","EN",0,0,"no url","2012-06-11 15:51:15"
"212216309616877569","bando de pnc vcs","barbarapetti","ES",0,0,"no url","2012-06-11 16:14:45"
"212232923250823168","HiringNow: Teller- Part Time- Playhouse Square- Cleveland, OH (Arabic Bilingual) at PNC (Cleveland, OH) http://t.co/AJ1yW4WN #bilingualjobs","spanishtrabajos","ES",0,0,"no url","2012-06-11 17:20:46"
"212232998777659392","tinha um pnc no meu pc","Richardlol_","ES",0,0,"no url","2012-06-11 17:21:04"
"212240051785048064","Yep. The Jolly Roger is flying high over PNC today. #RaiseIt http://t.co/G2JlAxep","Pirates","EN",22,163,"https://pbs.twimg.com/media/AvIHM94CIAAmxEr.jpg","2012-06-11 17:49:06"
"212265424233050112","“@UndefinedBee: Son imma fuck PNC up if they don't give me my money.” hahaha Brian don't play. He on some Wayne Brady ish.","Itzdadiabolical","EN",0,1,"no url","2012-06-11 19:29:55"
"212289311486394369","@ImSo_Trill At Tha PNC Financial Office!!!","Astronaut_Coop","ES",0,0,"no url","2012-06-11 21:04:50"
"212336266736451584","club paradise ticket for sale for tm's concert at pnc (drake, jcole, meek mill, french montana, 2 chainz and waka) lemme kno if you want it","JockinJB2","EN",0,0,"no url","2012-06-12 00:11:25"
"212353077481713665","#GuateVsUSA  PNC vs FBI o.O","tavo_dl","EN",0,0,"no url","2012-06-12 01:18:13"
"212387923763539968","@ManyulaSV jajajaja noooo mañana ira de indio solo tapa rabo y pintura por que lo dijo la PNC!","Negraa010","ES",0,0,"no url","2012-06-12 03:36:41"
"212390532612231169","@Lupi_nice ya hasta reflectores fueron a traer ppara alumbrar el hotel, pero ya casi me voy ya vino la pnc y ya se puso violento el ambiente","German_Funes","ES",0,0,"no url","2012-06-12 03:47:03"
"212430584029528064","she w/ me through it all, my MAIN, my cil,my PNC i mean it ; but i'm boutta talk her head off about MY Lifeline @Tishhbxtch","_SuckMYShawt","EN",0,1,"no url","2012-06-12 06:26:12"
"212529857681297408","Congrats! PNC Park in @vstpgh was just named as 1 of America's best baseball stadiums by @TravlandLeisure. http://t.co/QBqqo1h4 @PNCparkNEWS","visitPA","EN",1,6,"no url","2012-06-12 13:00:41"
"212537018717184002","PNC captura a seis acusados de homicidios. Esta mañana serán presentados a la prensa local, según @ComunicacionPNC","uhprensagrafica","ES",0,0,"no url","2012-06-12 13:29:08"
"212587767748763648","Drake concert at pnc tonight! RT if you're going #JerseyShoreProbz","J_ShoreProblemz","EN",5,55,"no url","2012-06-12 16:50:48"
"212596888191504385","Well, Shinedown at PNC with Godsmack and Staind tickets are pretty fucking steep at 100 bucks a piece. Fuck it. I'll pay for it bitches.","MikeMcNamara88","EN",0,0,"no url","2012-06-12 17:27:02"
"212613929657044992","Got THE last drake ticket at pnc... Talk about clutch","KennyManuel1","EN",0,0,"no url","2012-06-12 18:34:45"
"212626316338528256","The countdown is on: #Canes hockey at PNC Arena returns in 108 days!","NHLCanes","EN",5,54,"no url","2012-06-12 19:23:58"
"212648670540214272","RT @guayodelao: Alex Guillén (azul) y Martin González se fotografiaron con la PNC en el Real Intercontinental http://t.co/U7hXBIuo","elgraficionado","ES",0,3,"no url","2012-06-12 20:52:48"
"212648880792272897","Drake tonight at PNC!!! #Souped","PeteyPeteRules","EN",0,0,"no url","2012-06-12 20:53:38"
"212652785668337664","I'm at PNC Bank (Milwaukee, WI) http://t.co/RI7hJw5n","HarleyRed","EN",0,0,"no url","2012-06-12 21:09:09"
"212656717064978433",".. Están culpando de Violadores a Personas Inocentes .. Para tapar Actos que la PNC, Comisaria 12 estaba Realizando .. #NoCallo RT Xfa! ..","Veralyss","ES",0,2,"no url","2012-06-12 21:24:46"
"212657747311869952","Si no tienes placas y/o andas con la licencia vencida, ni te acerques al Cuscatlan; porque habrán 36 retenes #PNC por el partido #MiSelecta","YaBastaSV","ES",0,12,"no url","2012-06-12 21:28:52"
"212658132311212033","CLUB PARADISE CONCERTTTT!! &lt;3&lt;3&lt;3 (@ PNC Bank Arts Center for Drake, J. Cole, Waka Flocka Flame, 2 Chainz and 2 more) http://t.co/uULvvcia","QUEENChristine_","EN",0,0,"no url","2012-06-12 21:30:24"
"212661107188436992","UNIX MANAGER II TECHNOLOGY at PNC (Pittsburgh, PA): As a Manager of Unix Engineering, you will be a member of PN... http://t.co/oTRTed2H","alex_knorr","EN",0,0,"no url","2012-06-12 21:42:13"
"212672461181960193","PNC to add $350 million to mortgage reserves: The requests are related to loans made between 2005 and 2008 by Na... http://t.co/yYfWHkL7","Refinanceable","EN",0,0,"no url","2012-06-12 22:27:20"
"212674986144579584","Drake and PNC tonight!!!!!@ZachKur1st @B_OLeary35 @dctatum @soconnell123","patman151","EN",1,0,"no url","2012-06-12 22:37:22"
"212676751942352896","Drunk &amp;&amp; Drake nigggaaaa (@ PNC Bank Arts Center for Drake, J. Cole, Waka Flocka Flame, 2 Chainz and 2 more) http://t.co/s19lcZHz","JadeArnold","EN",0,0,"no url","2012-06-12 22:44:23"
"212684876313395201","@kcariiTho aaaa ok pnc que t habia pasado algo pos amiga animo aunque es muy dificil","cheomati","ES",0,0,"no url","2012-06-12 23:16:40"
"212688116400664576","@denunciaNOcayes Están asaltando ahora mismo en la eskina de la 9a. Avenida y 7a. Calle.. Pilas PNC!!","AronyAlvarado","ES",0,12,"no url","2012-06-12 23:29:33"
"212742644454006784","@Drake your our fuckin boy we love ya dog #pnc @SaverioParrotta @Bkohle23 @m_vitcavich","Chris_Werr","EN",0,2,"no url","2012-06-13 03:06:13"
"212757928481005568","Proxima Parada Del ""SUMMER TOUR"" Junio 22 -Holmdel, NJ - The P.N.C. Bank Arts Center .","DlTamps","ES",0,0,"no url","2012-06-13 04:06:57"
"212890044892053504","PNC ""...finds worthless jobs only good for gas &amp; you find girls that only waste your gas. Get it together"" I love her!!!","stephiesteph09","EN",0,0,"no url","2012-06-13 12:51:56"
"212905937080565760","""@pineda2012: @elsalvadorcom PNC dijo que víctima tenía tatuajes alusivos a pandillas; también que ocurrió, hoy, a las 4:30 de la mañana.""","walexhernan","ES",0,0,"no url","2012-06-13 13:55:05"
"212921468609232896","@WakaFlockaBSM My phone got messed up last night sitting in the rain at pnc watching you do your thing #showsomelove #hookitdownwithsomevip","Drewholatya","EN",0,0,"no url","2012-06-13 14:56:48"
"212970026041475072","My wife @gsachkowsky hangin with @drake last night PNC Bank concert in NJ #goodtimes http://t.co/p0HiyYwj","DSachkowsky","EN",0,0,"no url","2012-06-13 18:09:45"
"213042428427517952","PNC Park named best stadium in America :) ! That's what I'm talking ! #BUCN #Pittsburgh","JLum320","EN",4,26,"no url","2012-06-13 22:57:27"
"213108098355834881","My pnc Andi spending the night! #drinks&amp;girltalk","kimoniqueh","EN",0,0,"no url","2012-06-14 03:18:24"
"213122542922235904","@__LesbiNEEK my bad pnc ii aint got my phone , sorry &lt;3","AbnormalLESBIAN","EN",0,0,"no url","2012-06-14 04:15:48"
"213270309523034112","Hoy 10:00 a.m. PNC Quezaltepeque, presentan 9 miembros de pandillas, acusados de homicidio","ComunicacionPNC","ES",0,2,"no url","2012-06-14 14:02:58"
"213278093475987457","Agente de civil repelió asalto en MB R43 por La Tiendona. Un delincuente murió y otro está herido, según Insp. Omar Joachín de PNC Centro","uhprensagrafica","ES",0,2,"no url","2012-06-14 14:33:54"
"213294031864741888","#pnc should offer you some sore of cash rewards program if you lose their cards more than 10 times. I'm awfully careless.","JSticia","EN",0,0,"no url","2012-06-14 15:37:14"
"213306363118497793","yes sir “@keith_money: @swildcard next to PNC right? Will prob be down soon for lunch”","swildcard","EN",0,0,"no url","2012-06-14 16:26:14"
"213352345277448194","New Job Listing: Financial Sales Consultant I - Hillsboro @ Federal at PNC (Deerfield Beach, FL): As a PNC... http://t.co/i6CFdiu1 #jobs","IGotaJobToday","EN",0,0,"no url","2012-06-14 19:28:57"
"213391088046702592","Nicest park I've been too not counting PNC Park http://t.co/IXAgvC78","mikevukkdka","EN",0,0,"https://pbs.twimg.com/media/AvYeEGGCAAEK1mh.jpg","2012-06-14 22:02:56"
"213395957646245888","@TheKingCody I've been to alot of ballparks,but Camden is now my 2nd fav behind PNC. Awesome place and food/drink choice WAY better than PNC","BigGuthArena","EN",0,0,"no url","2012-06-14 22:22:15"
"213407559057539075","@GabyCastle91 nooouu I was already working with PNC before started school n.n","alexisat","EN",0,1,"no url","2012-06-14 23:08:21"
"213631635583799296","@PNC hits one million Virtual Wallet accts http://t.co/ywSS56cr @pglyman I wonder what @Ingdirect is at","mikemost","EN",0,0,"no url","2012-06-15 13:58:45"
"213831540281589760","heres somthing new Events in New Jersey: HOLMDEL PNC Bank Arts Center Demi Lovato, pop. June 22 at 7 p.m. $35 to... http://t.co/VyMeLFg4","zer0_raw","EN",0,0,"no url","2012-06-16 03:13:06"
"213872375329071104","*PNC en la television* ""Ji ejque el muerto que mataron cuando venimos ya estaba murido""","PaolaAleman_","ES",1,5,"no url","2012-06-16 05:55:22"
"213883277029801984","@CollegeBoyy_ I am pnc &lt;3","mz_2concited","EN",0,0,"no url","2012-06-16 06:38:41"
"213893993501687808","Cleveland Jobs $ Metrics Analyst IV at PNC (Cleveland, OH)  http://t.co/WHqrB5sr","ClevelandJobs2","EN",0,0,"no url","2012-06-16 07:21:16"
"214073367068819458","I shot the sheriff (8) *la sigue la PNC*","HolaSoyCarito","EN",0,0,"no url","2012-06-16 19:14:02"
"214464964084252673","On the bus headed home...see ya Tuesday night vs. Minnesota @ PNC. -DP http://t.co/tQKp9PkR","ROOTSPORTSPIT","EN",1,0,"no url","2012-06-17 21:10:06"
"214485084156342273","Customer Service Associate I SL/SRV - PNC Bank - Alpharetta, GA http://t.co/vOCoQNt2","GeorgiaJobDaddy","EN",0,0,"no url","2012-06-17 22:30:03"
"214809215775162368","Been to close to 20 different parks, PNC. @iZack58 @danevans108 @espn_mlb","calph7","ES",0,0,"no url","2012-06-18 19:58:02"
"214839131686178816","The Missouri all-stars defeated Illinois all-stars 14-1 in the PNC Bank High School Baseball Showcase at Busch Stadium. #mopreps","NateLatsch","EN",0,14,"no url","2012-06-18 21:56:55"
"215142545527816192","PNC chief Jim Rohr: Charlotte ‘fits our business nicely’: PNC Financial Services Group Chief Executive Jim Rohr ... http://t.co/UyN0AflM","FinancialDocs","EN",0,0,"no url","2012-06-19 18:02:34"
"215146433635041283","Battle of the Ballparks: Sweet 16: AT&amp;amp;T Park, Camden Yards and Wrigley advance; PNC and Fenway enter bracket http://t.co/5hKxgyVY","baseball_feeds","EN",0,0,"no url","2012-06-19 18:18:01"
"215176703901831169","sometimes u gotta be awesome... RT @Pirates: Hall of Famers Bill Mazeroski and Bert Blyleven chat it up at PNC Park http://t.co/mMUIKrFs","Pittsburgh_Jedi","EN",0,0,"no url","2012-06-19 20:18:18"
"215218726633603073","I'm at PNC Park for Minnesota Twins vs. Pittsburgh Pirates w/ @hannuuuuh @pittpeaswv @cccarrieee @zack1007star http://t.co/lQQohD0C","chrissytinaaa","EN",0,0,"no url","2012-06-19 23:05:17"
"215228075762397187","Checked in @ PNC Park for the #pirates vs #twins game w/ http://t.co/e0cl8ZYp","OKayyyla","EN",0,0,"no url","2012-06-19 23:42:26"
"215229929644761088","Ryan Doumit with a ""mixed reception"" at PNC. Definitely heard more boos than cheers.","Justin_Pyles","EN",0,0,"no url","2012-06-19 23:49:48"
"215236141417365504","Go follow @PnC_Montay he will follow back !","TheRealNay_","EN",0,0,"no url","2012-06-20 00:14:29"
"215243934430003200","At PNC Park &amp; shocked 2 see @ChickiesnPetes #crabfries.Direct quote:it’s like a billion angels partying in my mouth. http://t.co/XE8DsDBR","kheadman","EN",0,0,"https://pbs.twimg.com/media/AvyzN8wCAAEk4bN.jpg","2012-06-20 00:45:28"
"215246621229846528","Fact: PNC Park in Pittsburgh was built with Kasota limestone shipped from a Minnesota river valley.","Twins_morsecode","EN",1,10,"no url","2012-06-20 00:56:08"
"215267166679875586","Would you believe that with their 20th win at PNC Park of the season, the Pirates have the 5th most home wins in the majors?","JoryRand","EN",1,2,"no url","2012-06-20 02:17:46"
"215270392389042176","The Jolly Roger flies over PNC tonight. #RaiseIt http://t.co/cRhJKNxC","Pirates","EN",11,93,"no url","2012-06-20 02:30:36"
"215288750543093761","Atra PNC atrás !!  \( •_•)_† deja de tocar a mis hermanas cc @BtCyndi @lOkiithaMeDicen @nalU_Upaz","No_SoyComoVos","ES",0,1,"no url","2012-06-20 03:43:32"
"215407836698648576","Hoping my PNC @itsKELSEYtho the best today!!!! Love you","whynotRAE","EN",0,1,"no url","2012-06-20 11:36:45"
"215452332593381377","TODAY: Join the Chamber ladies of summer at Women's Wednesday, held at PNC Bank (14th and P). http://t.co/PqQMRzMh #CAGLCC @DCLGBTBIZ","ebonebell","EN",0,0,"no url","2012-06-20 14:33:33"
"215460402434289664","PNC Bank has moved to downtown location on Elm Street by City Center Park.","occupygso","EN",0,0,"no url","2012-06-20 15:05:37"
"215489389298589698","@PeetaPD12 @NatCraneMellark @Seneca_PNC @SylvieMellark we have daddy son day?","lievitomellark","EN",0,0,"no url","2012-06-20 17:00:48"
"215501447889035266","@MichaelWaterloo Yeah we really are. @Kristy_Robinson is the nice one, staying out of the social media hating. Only at PNC.","kellydumrauf","EN",0,0,"no url","2012-06-20 17:48:43"
"215518271267540993","Banking Service Advisor @ PNC Bank http://t.co/3g2EqGe5","FloridaJobs_","EN",0,0,"no url","2012-06-20 18:55:34"
"215519584088883201","Tweeps...I know I tweeted about it earlier, but that was Round 2. Round 3 is underway and we're up against PNC Park. http://t.co/nYjK4on0","BrewerNation","EN",1,2,"no url","2012-06-20 19:00:47"
"215534303365435394","Make sure to vote PNC Park in #BattleoftheBallparks - let's beat Miller Park! Vote NOW: http://t.co/uqiqbcvw","ROOTSPORTSPIT","EN",2,40,"no url","2012-06-20 19:59:17"
"215551213314383873","#BUCN- Vote PNC NOW: http://t.co/v1fFExuN PNC is in the Elite 8 vs MIller Park in ESPN's #BattleoftheBallparks! http://t.co/mFvaMiwY","Pirates","EN",4,46,"https://pbs.twimg.com/media/Av3Kr7zCIAMg3DB.jpg","2012-06-20 21:06:29"
"215559593546350592","New Jersey Pay Job $ Assistant Branch Manager - Cherry Hill Branch at PNC (Cherry Hill, NJ)  http://t.co/y0r2787B","NJPayJobs","EN",0,0,"no url","2012-06-20 21:39:46"
"215572642013528064","Presently in Pittsburgh at PNC. Cool place, interesting city with little bustle and hassle. Brutal ride from Chicago, go Twins.","gkeye133","EN",0,0,"no url","2012-06-20 22:31:37"
"215573678006607874","I'm at PNC Park for Minnesota Twins vs. Pittsburgh Pirates (Pittsburgh, PA) w/ 49 others http://t.co/ZvnG8KQT","acpregler","EN",0,0,"no url","2012-06-20 22:35:44"
"215647011209351168","Que se me hace que mañana en Guatemala van haber enfrentamientos entre Estudiantes y PNC que tristeza lo que pasa en #Guate!","Adrielin7","ES",0,0,"no url","2012-06-21 03:27:08"
"215661821330325505","PNCI - Product Analyst II (Managed Accounts) - http://t.co/h4lPLn16 #jobs #PNC #Cleveland","bestjobsonline","EN",0,0,"no url","2012-06-21 04:25:59"
"215666216956735488","@_JWik no park compares to PNC great atmosphere and beautiful view of the city","Dylan_Jose","EN",0,0,"no url","2012-06-21 04:43:27"
"215689499538227200","PNC Park: how beautiful is this place?! #Pirates #BattleoftheBallparks http://t.co/sLdu4vSv","BigCitizen","EN",0,0,"https://pbs.twimg.com/media/Av3Kr7zCIAMg3DB.jpg","2012-06-21 06:15:58"
"215736593183539200","wow, SERGE doesnt even text me &amp; were suppose to be PNC &gt;.&lt;/3","_SassySoSweet","EN",0,0,"no url","2012-06-21 09:23:06"
"215780000044040192","June 21: National Day of Action against PNC  at http://t.co/OQJNOCbV.","GZeroConspiracy","EN",0,0,"no url","2012-06-21 12:15:35"
"215780122526093313","Fight back TODAY! Tell PNC Bank: STOP FORECLOSING AND START NEGOTIATING with underwater homeowners in foreclosure... http://t.co/gHrCy4na","OccupyCincy","EN",0,2,"no url","2012-06-21 12:16:04"
"215780729852919808","Current Mortgage Rates Today – SunTrust and PNC Raise Rates - http://t.co/ltDAl7Yr","quickmortgage1","EN",0,0,"no url","2012-06-21 12:18:29"
"215787210052612097","Informa @juisrobledo que también hay presencia de agentes de la #PNC en las afueras de Escuela Normal para Varones Z.13 http://t.co/FcK65a2B","Telediariogt","ES",0,1,"no url","2012-06-21 12:44:14"
"215791443124568064","@alexiskierra Good Morning My PNC Bestffriendd !","LaiddBackTAE","EN",0,0,"no url","2012-06-21 13:01:03"
"215793829947781121","PNC needs your help in the #BattleoftheBallparks!  #VotePNC NOW at http://t.co/v1fFExuN","Pirates","EN",2,101,"no url","2012-06-21 13:10:32"
"215819158233952260","@DowntownPitt PNC Park needs your help #votePNC in ESPN #BattleoftheBallparks currently trailing Milwaukee http://t.co/DyC4M1IE","time4anarn","EN",0,2,"no url","2012-06-21 14:51:11"
"215822228296695808","@hanrahan52 Hey Joel! Can you help PNC Park beat out Miller Park in #Battleoftheballparks ? Let's go Bucs!  http://t.co/Kicutm0X","andrew_scott48","EN",0,0,"no url","2012-06-21 15:03:23"
"215826925904596994","Carolina Hurricanes will open regular season on 6 game road trip on 10/13 at Winnipeg. Home opener at PNC Arena Fri 10/26 vs NY Rangers","WeatherWes","EN",0,0,"no url","2012-06-21 15:22:03"
"215856407675805696","Activist protesting at PNC headquarters: Protesters plan to convene in Pittsburgh’s Market Square at 1 p.m. Thur... http://t.co/oy7jIcLm","EDGE_Asset","EN",0,0,"no url","2012-06-21 17:19:12"
"215868779006148611","Se registra congestionamiento vial en 36 calle Calzada Aguilar Batres tras ataque armado que dejó como saldo dos PNC fallecidos. #tráficogt.","EmisorasUnidas","ES",0,7,"no url","2012-06-21 18:08:22"
"215876561293934593","@_JonatanDiaz Dos PNC fallecen tiroteados en 35c. Aguilar Batres z11. Utilice Mariscal-Las Charcas-Mixco. #traficogt casi paralizado.","amilcarmontejo","ES",0,1,"no url","2012-06-21 18:39:17"
"215886216573353984","Becoming slightly less desolate. (@ PNC Bank) http://t.co/hdoXjJHx","KannyDlein","EN",0,0,"no url","2012-06-21 19:17:39"
"215928218354589697","Yo pnc q YA NO pODIA cER mAs Odiado PerO hast por trabajar me odian jaja","93Uzumaki","ES",0,0,"no url","2012-06-21 22:04:33"
"215934416495714304","More photos from #PNC Solidarity action today. photos by Tracie Williams @OccupyHomesMN http://t.co/HAOYQPcR @humanright2home #j21 #cruzhome","OccupyWallStNYC","EN",0,6,"no url","2012-06-21 22:29:11"
"215994096857264128","Good night from PNC. Lets #PackPNC this weekend as the Bucs host the Tigers for a 3gm series. http://t.co/hUWUZNYj","Pirates","EN",7,28,"https://pbs.twimg.com/media/Av9dfJkCMAAziuN.jpg","2012-06-22 02:26:21"
"215994953925533696","@Chelsey_Marie05 I can make u 500 in Michigan all u gotta do is have a PNC card or Bank of America card and we can talk","Letsgetbandz","EN",0,0,"no url","2012-06-22 02:29:44"
"216005334974742530","13 Arrested After PNC Bank Breaks Promise to Work with Wrongfully Evicted Family, Family Vows to Return Tomorrow http://t.co/4eT8yEo9 #j21","OccupyOurHomes","EN",0,15,"no url","2012-06-22 03:10:59"
"216284742549635072","Will be at PNC Park shortly. Bring on the Tigers! #LetsGoBucs #LetsGoBucs #LetsGoBucs","baseballfan4746","EN",0,0,"no url","2012-06-22 21:41:15"
"216285870838382593","@SylvieSigma @seneca_pnc @tiasmellark -takes the phones and slides out from under Tia and walks into another room-","TylaMarroquin","EN",0,0,"no url","2012-06-22 21:45:44"
"216287036833939456","RT @prensagrafica: PNC detiene a dos supuestos asaltantes en Santa Tecla http://t.co/cYNrfUw5: RT @pr... http://t.co/z7z4WaxK #Sta.Tecla","SantaTecla","ES",0,0,"no url","2012-06-22 21:50:22"
"216290887230177280","I'm at PNC ATM (Scranton, PA) http://t.co/paPu0yop","LadiLasVegas","EN",0,0,"no url","2012-06-22 22:05:40"
"216293659639947264","Let's go bucs!!! #pirates (@ PNC Park for Detroit Tigers vs. Pittsburgh Pirates w/ 61 others) http://t.co/FacXPvM5","Letters1002","EN",0,0,"no url","2012-06-22 22:16:41"
"216320557724086273","I'm at PNC Park for Detroit Tigers vs. Pittsburgh Pirates w/ @tableforone @chrissytinaaa @trich824 @zack1007star http://t.co/J4MeFE0U","calipanthergrl","EN",0,0,"no url","2012-06-23 00:03:34"
"216557074514067456","I'm at PNC Bank (Greenbelt, MD) http://t.co/f9ph93yz","MyLifeisBS_11","EN",0,0,"no url","2012-06-23 15:43:24"
"216586704784592896","Stopped by to check on the progress at PNC Field. So much work done, stadium is almost unrecognizable now. http://t.co/BsCwD4EQ","RailRidersTT","EN",0,0,"https://pbs.twimg.com/media/AwF4deJCEAE5XaX.jpg","2012-06-23 17:41:09"
"216592864514293763","#NEW @ddlovato looks so hoot in the Show of PNC Bank Arts Center . 2 http://t.co/ZA6x5toz vía @TwitPic","k_londoo","EN",0,0,"no url","2012-06-23 18:05:37"
"216613710217756672","#PNC Park in Pittsburgh. Nice park, great food, horrible concourses. http://t.co/40OP5WrO","VintageFootball","EN",0,0,"https://pbs.twimg.com/media/AwGRBZNCQAAx4iT.jpg","2012-06-23 19:28:28"
"216632244855521280","I'm at PNC Park for Detroit Tigers vs. Pittsburgh Pirates (Pittsburgh, PA) w/ 261 others http://t.co/7QyfdLNe","reyjunco","EN",0,0,"no url","2012-06-23 20:42:06"
"216638899471126529","Martin Frk and Jiri Fischer talk shop here at PNC Park in Pittsburgh.  http://t.co/fdifZwg6","DetroitRedWings","EN",1,11,"no url","2012-06-23 21:08:33"
"216638934770397184","@dylanelgas dude, I'm beyond jealous you're at PNC right now.","Adam_Duxter","EN",0,0,"no url","2012-06-23 21:08:41"
"216641636346761218","Man. MVP chants at PNC Park. It's only June, but that is absolutely awesome.","ThreeRiversBlog","EN",3,10,"no url","2012-06-23 21:19:25"
"216668824647376896","You can #RAISEIT! The Buccos win today 4-1 at PNC http://t.co/btyqykrb","Pirates","EN",14,96,"https://pbs.twimg.com/media/AwHDJedCIAAWYUF.jpg","2012-06-23 23:07:29"
"216689207706525697","@Seneca_PNC @tiasmellark @sylviesigma call you 'idk' thats almost as bad as 'erm'","TylaMarroquin","EN",0,0,"no url","2012-06-24 00:28:27"
"216720941789618177","Mortgage Rates Today: Bank of America, Chase and PNC Bank ... - Eastern Morning Herald http://t.co/HX91511c","marshallfragass","EN",0,0,"no url","2012-06-24 02:34:33"
"216742328533123072","G'night Tweeps, gotta be up early to cover #Pirates vs. #Tigers at PNC","JustinBerlPhoto","EN",0,0,"no url","2012-06-24 03:59:32"
"216760242430672896","@Seneca_PNC @sylviesigma @velius_zeph_pn7 Uh, no?","willowdawnD7","ES",0,0,"no url","2012-06-24 05:10:43"
"216814814503239680","headed to PNC Park in 4 hours....haven't been there since opening series. cannot wait.","740JZD","EN",0,1,"no url","2012-06-24 08:47:34"
"216841595151069184","Way back to jersey shore. Brooklyn was fun @ PNC Bank Arts Center http://t.co/VoJK2bLl","DJCRAIGSOPRANO","EN",0,0,"no url","2012-06-24 10:33:59"
"216870212807573505","Pitch for HOPE Women's Baseball Clinic at PNC Park. http://t.co/0UbrqlnZ","BucsCommunity","EN",1,2,"https://pbs.twimg.com/media/AwJ6Tz0CQAAR9KR.jpg","2012-06-24 12:27:43"
"216905285648912386","Jun 24,2012: Under the Streetlamp: 8:00pm: PNC PAVILION. http://t.co/eK0tkXxn #CincinnatiEvents","EventCincinnati","EN",0,0,"no url","2012-06-24 14:47:04"
"216931466486091776","Anoche la PNC se enfrentó contra presuntos narcos en Col. Pinares de San Cristóbal zona 8 de Mixco. Vía: @dtzoc_eu http://t.co/FtdzHZso","EmisorasUnidas","ES",0,20,"https://pbs.twimg.com/media/AwKyBPjCEAAXNve.jpg","2012-06-24 16:31:07"
"216940056429080576","Por tu seguridad ponemos a tu disposicion los numeros telefonicos de la delegacion PNC Zaragoza: 2314-0817; 7070-5194; 7070-5063","ZaragozaPublica","ES",0,0,"no url","2012-06-24 17:05:14"
"216940767640436737","@PPUbaseball being recognized on the field at PNC Park. @pirates @pointparku @play_naia http://t.co/N5ZacHtO","PointParkSports","EN",1,8,"https://pbs.twimg.com/media/AwK6epECQAEzzdv.jpg","2012-06-24 17:08:04"
"216948075950899201","bando de pnc","manucabp","ES",0,0,"no url","2012-06-24 17:37:06"
"216951586583351296","I'm at PNC Park for Detroit Tigers vs. Pittsburgh Pirates (Pittsburgh, PA) w/ 195 others http://t.co/ppBRjNxL","KaceyRaeWherley","EN",0,0,"no url","2012-06-24 17:51:03"
"216952039576567808","@NatCraneMellark @TiaSMellark @seneca_pnc -smiles- not as much as I love you Natie -kisses your head-","SylvieSigma","EN",0,0,"no url","2012-06-24 17:52:51"
"216971442397523971","@chinchxo come! I didn't even get tickets yet but they're playing at pnc in August","ForestGumpxox","EN",0,0,"no url","2012-06-24 19:09:57"
"216976899207995392","Fireworks at PNC Park &gt;&gt;&gt;","24K_GOODHART","EN",0,0,"no url","2012-06-24 19:31:38"
"216980721867309058","Attendance of 35,179 on a perfect day at PNC Park. Thank you #Pirates fans. http://t.co/EFDK1dnV","Pirates","EN",12,30,"https://pbs.twimg.com/media/AwLe0SKCQAASC4v.jpg","2012-06-24 19:46:50"
"216986852299771906","New Court  @ PNC Arena http://t.co/DTkiEUAu","J_H_M","EN",0,0,"no url","2012-06-24 20:11:11"
"216990102872793088","Follow Mista Meana's personal Twitter account ============&gt; @MrMeana #HITZInternational #PNC","qsavageofficial","EN",0,1,"no url","2012-06-24 20:24:06"
"217039485479829507","Demi, Stylish &amp; Sexy Performing @ PNC Bank Arts Center 6.22.12 HQ #3 http://t.co/XXKn0iQ7","TheDLNation","EN",1,3,"no url","2012-06-24 23:40:20"
"217052912554221568","@iiCashMoneyy oh yeah thats my mf PNC !","_HelloMeKitty","EN",0,0,"no url","2012-06-25 00:33:41"
"217223700435574785","#DemiPicture JUNE 22ND - PNC Bank Arts Center Holmdel, New Jersey #4 Really like her new hair! ;;) http://t.co/xrc7nerU","ImLovaticINA","EN",0,1,"no url","2012-06-25 11:52:20"
"217280898155028481","Money money money money! Money! (@ PNC Bank) http://t.co/oH9ZRpgE","LauraTayUlrich","EN",0,0,"no url","2012-06-25 15:39:37"
"217313383047905280","Evening fisheye view of PNC Park from third level right field (June 22, 2012) http://t.co/uiVNhlxA","joncmu","EN",0,0,"no url","2012-06-25 17:48:42"
"217341405201301504","@SylvieSigma @Seneca_PNC I hope not... it' just four kids and a doctor...","AlabastorS_PN","EN",0,0,"no url","2012-06-25 19:40:03"
"217377526543159296","@Seneca_PNC @alabastors_pn @natcranemellark -smiles- that's sigmas for you -laughs-","SylvieSigma","EN",0,0,"no url","2012-06-25 22:03:35"
"217381980898209792","The big 1 year with PNC! http://t.co/taIQukfv","eklerch13","EN",0,0,"https://pbs.twimg.com/media/AwRLwohCMAAvwXM.jpg","2012-06-25 22:21:18"
"217383801196773378","@_itsMeTAYLOR 6:28 My PNC  Bday Tweet","LeCREEEP","EN",0,1,"no url","2012-06-25 22:28:31"
"217397285879939073","aweee , @DrewHippieAF ... thanks PNC ♥. * blushing *","youupump_imoan","EN",0,1,"no url","2012-06-25 23:22:06"
"217424225915510785","@Seneca_PNC -giggles, falling onto my side, cuddling up you you-","SylvieSigma","EN",0,0,"no url","2012-06-26 01:09:09"
"217456300936802305","@AnwarCarrots you bringing the neon merch on tour? I missed the pnc logo drop. Need one when you start that tour.","processtheory","EN",0,0,"no url","2012-06-26 03:16:36"
"217463987900649472","Im Being Mentioned , No Jeffin Lol PNC @MsxBrownSuga Feelin Good Tonight Lmao","AngelThaSinger","EN",0,0,"no url","2012-06-26 03:47:09"
"217466827452854272","Federal Jobs $ Teller - Full Time at PNC (Bethesda, MD)  http://t.co/Z2rJ3EaM","InternJobsPay","EN",0,0,"no url","2012-06-26 03:58:26"
"217478810600357888","See My Pnc Followers Later #HerPNC","SwallowThis__","EN",0,0,"no url","2012-06-26 04:46:03"
"217488927232229377","Pennsylvania Jobs $$ Senior Loan Support Specialist at PNC (Philadelphia, PA)  http://t.co/GceDlSJi","PAPayJobs","ES",0,0,"no url","2012-06-26 05:26:15"
"217537132384890880","we gotta plan a trip to Cali , #PNC !","youupump_imoan","EN",0,1,"no url","2012-06-26 08:37:48"
"217613833613754368","""@uhprensagrafica: Sindicalistas bloquean entrada de Hospital Zacamil, informa PNC."" CC @nikogonzalez21","andielimon21","ES",0,0,"no url","2012-06-26 13:42:35"
"217633504891121665","Find out what my pnc doing today tho","williams_asia","EN",0,0,"no url","2012-06-26 15:00:45"
"217638575821438976","I want to #BeAnAllStar @ PNC Park with @ROOTSPORTSPIT","ironcityrocks","EN",0,0,"no url","2012-06-26 15:20:54"
"217673530609909761","RT "" @EmisorasUnidas: PNC inicia búsqueda de la virginidad perdida de @MeelyC_, se presume que la extravió en el cualto de @Andersitoo7...”","ElTaliban87","ES",51,585,"no url","2012-06-26 17:39:48"
"217692954972782593","New Cleveland Job $ Senior Analyst at PNC (Cleveland, OH)  http://t.co/mNtsa1Qt","ClevelandJobsQ","EN",0,0,"no url","2012-06-26 18:56:59"
"217717890101682177","Continua traslados de reos de bartolinas de la PNC del AMSS a distintos centros penitenciarios.","tanyamar02","ES",0,0,"no url","2012-06-26 20:36:04"
"217739985636429824","""@grillo210: Que putas paso en vista hermosa ??? Que cola del diablo !!!"" la PNC llegó a la casa de mely xq los papas la estaban verguiando","SixnyXD","ES",0,2,"no url","2012-06-26 22:03:52"
"217746176500449280","PNC Bank Will Pay $90 Million to Resolve Overdraft Lawsuit - Bloomberg via @BloombergNow http://t.co/tSeUbA8j.  Malcolm LaVergne.","SinCityAttorney","EN",0,0,"no url","2012-06-26 22:28:28"
"217760378417987585","I really want to #BeAnAllStar @PNC park @ROOTSPORTSPIT!","Tim1Miller","EN",0,0,"no url","2012-06-26 23:24:54"
"217800702452445184","PNC Park is NOT that quite during the final out of a game...","DEO1317","EN",0,0,"no url","2012-06-27 02:05:08"
"217839937079353344","Hey @thepgaofamerica - quick request, make your 2012 PNC videos embed-able. We're trying to give you guys some love!","shanebacon","EN",0,1,"no url","2012-06-27 04:41:02"
"217876090956419073","@Percyinfinitely here's Artemis. :D http://t.co/usgNsvWc","Seneca_PNC","EN",5,4,"https://pbs.twimg.com/media/AwYNJn7CEAAJ89Q.jpg","2012-06-27 07:04:43"
"217996677120929792","PNC Bank settles debit card overdraft case for $90 million http://t.co/aEyf9y8s","USATODAYmoney","EN",0,4,"no url","2012-06-27 15:03:52"
"218004784685395969","Congrats @mattweaver_21 @takacs_412 &amp; @jesslag 4 winning a VIP day @ PNC Park. We'll pick 3 more winners TODAY - enter: http://t.co/nx22SIdN","ROOTSPORTSPIT","EN",1,1,"no url","2012-06-27 15:36:05"
"218007066382581760","@filterDC same spot, in front of the PNC!","chef_vicky","EN",0,0,"no url","2012-06-27 15:45:09"
"218029124231507969","Ministro de Seguridad descarta intervención de la PNC para liberar las aduanas bloqueadas por sindicalistas del Ministerio de Hacienda","lexpineda","ES",0,0,"no url","2012-06-27 17:12:48"
"218049714069848065","Pennsylvania Jobs $$ Finance Manager III- AMG Finance at PNC (Pittsburgh, PA)  http://t.co/12L6SO0X","PAFullTimeJobs","EN",0,0,"no url","2012-06-27 18:34:37"
"218081933903671298","Kelly Mitchum's family -- and extended family of pros at Pinehurst Resort -- watch the PNC broadcast at the Resort Club http://t.co/vWh5WT8P","PinehurstResort","EN",0,1,"https://pbs.twimg.com/media/AwbIXQrCMAA0jo3.jpg","2012-06-27 20:42:40"
"218099517248126976","@elefontpress wish I could. But I think they're not allowed too close to PNC with the truck. silly rules!","vlh","EN",0,0,"no url","2012-06-27 21:52:31"
"218236041256124419","Pnc said she need yew to handle somethin come holla at us goon ! @ThatsJustNay","Scrap_DaOne","EN",0,0,"no url","2012-06-28 06:55:01"
"218290848826277889","Toby Keith Tickets http://t.co/qyN0bDFB at PNC Bank Arts Center in Holmdel NJ on August 17 #tobykeith","tourschedule","EN",0,0,"no url","2012-06-28 10:32:48"
"218339930563297281","Decirles inspectoria a la PNC es como enseñarles un crusifijo se revuelcan los malditos jajajajajaja","jigorocano","ES",0,0,"no url","2012-06-28 13:47:50"
"218349866882048000","@BrandonFlorkey Been wanting to drive to PNC.","MrRedlegs11","EN",0,0,"no url","2012-06-28 14:27:19"
"218438861620121600","@takeAflight_ SH-T YEAAHHH!! that's my PNC &amp; fuckinRIGHT Takira so goofy. I laugh when she laugh","Im_ChinaDoll","EN",0,1,"no url","2012-06-28 20:20:57"
"94860096697409536","on the bus with @greysonchance. miss the mate and our tour. but tonight will be crazzzzyy. #pnc","CodySimpson","EN",281,1042,"no url","2011-07-23 20:03:04"
